file_id,filename,predicted_complexity,predicted_density,predicted_file_category,predicted_quality_score,confidence
849,2DDXORTPL7KXJI7E5HBRGSTTOTXVBNH3.ppt,Low,Light,Legacy,0,1.0
850,323ZW47FFZN35UAFEPFDREISYBGO6VUA.ppt,Low,Light,Legacy,0,1.0
851,337K6IL67ZZWG63GY5LVVHXVGWAGISIU.ppt,Low,Light,Legacy,0,1.0
852,3BKX47J7K34UJHB43K4FTLHWH4QTVKAL.ppt,Low,Light,Legacy,0,1.0
853,3DYHOAV2D5SN5X2WBY2Z4JLTIWFRBO54.ppt,High,Dense,Legacy,0,1.0
854,3QASGYF33UVFRCXNGVBVKQPRGBP3LDE7.ppt,Medium,Light,Legacy,0,1.0
855,3T6NDQEGVDJKPVYITA3FMLPYF7662SNG.ppt,Medium,Light,Legacy,0,1.0
856,4AD6CK3IPJCPO44VURRVCVMZTUWQ4BQQ.ppt,High,Dense,Legacy,0,1.0
857,4IVCIEKCZZ2UIHRDNTS7EROBFW2LWE25.ppt,Low,Light,Legacy,0,1.0
858,4LSZGNRCIT622QTNWYSG7VZEN6DGB3Z4.ppt,Medium,Medium,Legacy,0,1.0
859,4NNTIUEEZMCWENTSFA3ZCRRQNL4FY2I2.ppt,Medium,Light,Legacy,0,1.0
860,4SDFEOIUKH5HS7ATRI5IGN6W6UL5LBWE.ppt,Low,Light,Legacy,0,1.0
861,4TJXMSPXZDI5DFHBBJPNDNNZXHO67AN3.ppt,Medium,Light,Legacy,0,1.0
862,55H4EO5U5ILBYMH3EM6BII4L7PL6LJFT.ppt,Medium,Light,Legacy,0,1.0
863,5BRAFVBC6LFNTAHAODBD73LKGJFWSQKC.ppt,Low,Light,Legacy,0,1.0
864,5G3N3DDU6PJHEB7CBIHIG7AMSHMCPV5M.ppt,Low,Light,Legacy,0,1.0
865,5HUDM5UGFBRAPIESMDQIY6WTK2IQDMW6.ppt,High,Dense,Legacy,0,1.0
866,5MI2VCFNIJNI26UUYMDLWTQC7LXZDG2B.ppt,Medium,Light,Legacy,0,1.0
867,5MMGAMQLQTT37T6Q557D2EAFXTE3SJVG.ppt,High,Dense,Legacy,0,1.0
868,63CHCWUU3IFE6MVR27PDXSUJTPW2UZHS.ppt,Medium,Medium,Legacy,0,1.0
869,6HJBBDFQRAA7SK36BC6GECXWO5F4WP4E.ppt,Low,Light,Legacy,0,1.0
870,6V5MPJQULA3GTBVWQAYA254OIARYITR6.ppt,Medium,Light,Legacy,0,1.0
871,72WZAGENN22DGPVAZXMTDQZ4DJXKCB7R.ppt,Low,Light,Legacy,0,1.0
872,7ICNLITLCUIULWCWNJDTFN6LKXWSEYHY.ppt,Medium,Medium,Legacy,0,1.0
873,7MKAI6TUMPC2GZNFKMEIXYZWQ2AWMFSZ.ppt,Medium,Light,Legacy,0,1.0
874,7OFVPB2GYAFWERDCHYDX7ZH2TF5SZV7F.ppt,High,Medium,Legacy,0,1.0
875,7OS4ZPJFGBBIPS76PFOUZWRZKYLDX4DT.ppt,Low,Light,Legacy,0,1.0
876,7ULQG2CLNZM3B432QOOF2Q3MTYRM2XUB.ppt,Low,Light,Legacy,0,1.0
877,ARBVVRQY6MSERJIPILXAIPIVJ4VWTDAF.ppt,Medium,Light,Legacy,0,1.0
878,AZPN4RB7XTPHIGVHGS4USWMOPF7OVEZG.ppt,High,Dense,Legacy,0,1.0
879,BDHPW3KP32NMERRK33DGXFBFFR3CXRWF.ppt,Medium,Medium,Legacy,0,1.0
880,BGWOKASKY7NQKXAF62MK2BRMTKHOFCWX.ppt,High,Medium,Legacy,0,1.0
881,BISJIKG4TGISUV6X7ROUZCO645LUZKXP.ppt,Medium,Light,Legacy,0,1.0
882,BKHQFU4DIMPZUMJHAHW7PHJ3SPS227R5.ppt,Low,Light,Legacy,0,1.0
883,BMM2R2A74NJRCEWJYBJL6PGNAS7CTQAB.ppt,Low,Light,Legacy,0,1.0
884,BN3YF7IHZIQHOQNN7GF5JDKMNA7D2UQI.ppt,Medium,Light,Legacy,0,1.0
885,BOQNYV4ZO4DARSEVLJ4Z237E4PY7NDWB.ppt,Low,Light,Legacy,0,1.0
886,BR7SWHCRR2DCN6T4PJ7VSLDMTWSZXJWQ.ppt,High,Medium,Legacy,0,1.0
887,C2TEMEVCNFSJGWGKEGKCXVH6KC5Q3FCZ.pptx,Medium,Light,Modern,0,0.92
888,C3KBKKVZBGQHRM7AUZ73EEUN54FALIGJ.ppt,Medium,Medium,Legacy,0,1.0
889,C5B2EUAMZF22IH7MYXYTHGTQFCQLS6AT.ppt,Medium,Light,Legacy,0,1.0
890,CKL5NUYFK4OJKLR3EI3A6KGZFJFMSUAT.ppt,Low,Light,Legacy,0,1.0
891,CP2IEWDYKUHT3OSARWT5YAXICTYFXLMU.ppt,Medium,Light,Legacy,0,1.0
892,D4N3PNP7NO6ARMLW7WUEG5F7XUKMF6D5.ppt,Low,Light,Legacy,0,1.0
893,DABOVKTUWNU3FJSFSHSXUB5HIGUFXS6R.ppt,Medium,Light,Legacy,0,1.0
894,DC7QNXXJP2DNZFKYGNA5KRQSA4Y7TSYL.ppt,High,Dense,Legacy,0,1.0
895,DDACDF57TN4B5WTJX4ZTVVNQN2PAVNIW.ppt,High,Dense,Legacy,0,1.0
896,DFIZQDIOTKBERPRXLV6HYONXN4BEO7RY.ppt,Low,Light,Legacy,0,1.0
897,DK2JJ5Z2NL2VVAYZGDCTHNDR53EKG24A.ppt,High,Medium,Legacy,0,1.0
898,DMGWUHRPW5JUJTANMU57DF33D4EHYWHI.ppt,Low,Light,Legacy,0,1.0
899,DWIW4L2DEJHCXZ3UNGEFBFVGLZAMQIVX.ppt,Medium,Light,Legacy,0,1.0
900,E3MEX447U34WLSZBXXFARZNROJDU7GIH.ppt,High,Dense,Legacy,0,1.0
901,FBNIGNWBP6W7JONNO2JVH7YFA2SSPXDN.ppt,High,Dense,Legacy,0,1.0
902,FBX5MXK43FTR76EKH5CXOPL2YNH26ADN.ppt,Low,Light,Legacy,0,1.0
903,FLGBIKROFTOC3XREE4BEQENPWQKOIBMZ.ppt,Low,Light,Legacy,0,1.0
904,FX2XEJAAWBQQ24W27XBK7LIAX2GBY4F2.ppt,Medium,Medium,Legacy,0,1.0
905,G3QH255QV45TJ3NRBAJP7T2J3VNRSJLX.ppt,High,Medium,Legacy,0,1.0
906,GA2BWIEVJ6IG3WI5KAY6PP5YS2HO2FQV.ppt,Medium,Light,Legacy,0,1.0
907,GJ5QBRTNB5Z74LNN5YN5LQSAB72CGWVD.ppt,Medium,Medium,Legacy,0,1.0
908,GNOXRHIYPDDY5SD527V7IKT6CMGFI7IE.ppt,Low,Light,Legacy,0,1.0
909,GQHLHWWQTMVUOYEFKPTZD72CMEDPJYHD.ppt,High,Dense,Legacy,0,1.0
910,GUBYPRBF3CSW2EKLJSCE552GIR7IFLVI.ppt,Medium,Light,Legacy,0,1.0
911,H3Z5WTETXSJBATQSOFI3W4UFSV4N3S3Q.ppt,Low,Light,Legacy,0,1.0
912,H7H365INPE72FRAVMY3NKZ3GWINIM7KY.ppt,Medium,Light,Legacy,0,1.0
913,HBB4DUD3LL2DVFFRHITYU5SOLWNOPOMC.ppt,Medium,Light,Legacy,0,1.0
914,HBQSYOLNEHS3KJKQC3KHWADPHOI7AXY4.ppt,Medium,Dense,Legacy,0,1.0
915,HSITSGFR44UEJHIXHLMIYFGAHQFORTNN.ppt,High,Medium,Legacy,0,1.0
916,HXWJYOKSR3LZQCTVZYWCVTESURZ5WLY2.ppt,High,Dense,Legacy,0,1.0
917,IMZZXWSU6TDYIMYJ7UDF7URDQODT7GDE.ppt,Low,Light,Legacy,0,1.0
918,IQDCOA7PPXRFCUKEULCBWRONIZRHDQZN.ppt,Medium,Light,Legacy,0,1.0
919,JJMKSTLYUXQDMWRE3DQPXTLOGNPMCGKF.ppt,High,Medium,Legacy,0,1.0
920,JNVNYV4JGZG5GIN5IPEHI2C2UM5BKNCC.ppt,Medium,Light,Legacy,0,1.0
921,JTRU4PTATQE4YZXDUHKECDS4Z7TPJTNU.ppt,High,Medium,Legacy,0,1.0
922,JUD3IWG6REFV5XW3AGBHNMYCEG6YJTVY.pps,Medium,Light,Slideshow,0,1.0
923,JVLFSICZ4OTWEZ6F7XBJDQETRCUQL4II.ppt,Medium,Medium,Legacy,0,1.0
924,KWZU6OYEPOSYUBL2OU7JWU4JV7VI354U.ppt,Low,Light,Legacy,0,1.0
925,L52QBAD52FTCZWRW6SXBUF72HSIWHUGI.ppt,High,Medium,Legacy,0,1.0
926,LUST3XQ32ZA5J5PJU6UI3HYF45NM2TVB.ppt,Medium,Light,Legacy,0,1.0
927,LV427JZ3W4TR5QUSDD3SLJMYKCRC77B6.ppt,Medium,Light,Legacy,0,1.0
928,LX6K7G7ORPI7UMRQHJL3ZZWZYRQR2V6Y.ppt,High,Dense,Legacy,0,1.0
929,M6ER3PITX7WJCVOR57YWM7CDBQF7RGXZ.ppt,High,Dense,Legacy,0,1.0
930,MEPVDIOKY2TPLLFN4ZUDT3AXFLK43BG6.ppt,Medium,Light,Legacy,0,1.0
931,MITU3ST3UUQ6SQB5N7EKBYUJCJRFQWIU.ppt,Medium,Medium,Legacy,0,1.0
932,MNPN3UKFYDXNQPCXZWBIM4NZGKBX7TIN.ppt,Low,Light,Legacy,0,1.0
933,MRI5VQKULSHKPI7VFTMTDBD7CEYM7AWD.ppt,Medium,Light,Legacy,0,1.0
934,N2SCG6ZBINOXN55TME2Q4R4BIOCII4H6.pps,Low,Light,Slideshow,0,1.0
935,NDNA6NBS7DDAPVMWQ2PQTYCTMLK62IT3.ppt,Medium,Light,Legacy,0,1.0
936,NEF5BYOHNEPHW66YDNQNLGPOTT3SWFC6.ppt,Low,Light,Legacy,0,1.0
937,NQC6IJQ7MBAROVUC6XKKH5BX5ZVS2HRH.ppt,Medium,Medium,Legacy,0,1.0
938,NQVKAA5CR2V5PF5FKYLX2RALPCXTBYKV.ppt,Medium,Medium,Legacy,0,0.84
939,NX2DPKU4NTCYUNT6ZWIEE5W7EZHUQG6Q.ppt,High,Medium,Legacy,0,1.0
940,O74UDPPIEV6BA273JPKD3UGNZ56ZEMOE.ppt,Low,Light,Legacy,0,1.0
941,OKTBQMSHWGXBTK6QVQWTGTPIAR2UDO7F.ppt,High,Dense,Legacy,0,1.0
942,OSQ6RYJJDOCSNVJIHLC37KRNWH6XHTPM.ppt,High,Dense,Legacy,0,1.0
943,OTVEQCGR3HKMKI2IJ74KNCO65JAUBX2P.ppt,Low,Light,Legacy,0,1.0
944,OUDNIO4LTNWWQYYX43ZUATDBZSM5XTUX.ppt,Low,Light,Legacy,0,1.0
945,OVIXOOZXRJZCHGAZQXTTJMSLPF4YFC2H.ppt,Medium,Medium,Legacy,0,1.0
946,P3CZZNHW3LNNA2B2MKK4K4TLVOICPKJY.ppt,High,Medium,Legacy,0,1.0
947,P4Z5QMA2GVZXNVM4TTH4UDKHNOUOIQA5.ppt,High,Medium,Legacy,0,1.0
948,P7Q2DOE65OBUSAWA5EH4HYCMGTBH6NDO.ppt,Medium,Medium,Legacy,0,1.0
949,PGYBHPWSB72WJ2GOYCM6KYVETNDQ7R5I.ppt,High,Dense,Legacy,0,1.0
950,PNMRAM6QSS4Y3GBGVDL6K7IWLEBJ5ESP.ppt,Medium,Medium,Legacy,0,0.84
951,PWXRDKZYWYUABSWFOXFNSBAX5BISGYPI.ppt,High,Medium,Legacy,0,1.0
952,Q37F7RZRMFYSA3EQYODKHUGKYBLOXYHO.ppt,High,Dense,Legacy,0,1.0
953,Q4JEXPMFIHOE72AXA7NK5M754QHG6NON.ppt,High,Medium,Legacy,0,1.0
954,QALYTPY2ZAO2T7ZKJGTVEKDI6OEPYVFL.pot,Medium,Light,Template,0,1.0
955,QNYFRNZFBBDMYW3E2Z3AFGNNQDGQHPYY.ppt,Low,Light,Legacy,0,1.0
956,QQTV7QZZGXFC72QFSPVR3GTORJKUC5FJ.ppt,High,Dense,Legacy,0,1.0
957,QXIKB46NV7GR4TEI7MSKQTU2BP4BNX6P.ppt,Medium,Medium,Legacy,0,1.0
958,RCCQMWDHYIIEQXVFTN5ECKQDEFU6ACXA.ppt,Medium,Light,Legacy,0,1.0
959,RDTJQC6ZRBE5TORDXDX4JTF772U5DJWD.ppt,High,Dense,Legacy,0,1.0
960,RXU2YO6K6IAGUUOMVPYLPQO5A3HVNSKH.ppt,High,Dense,Legacy,0,1.0
961,RYKAWAABVU4ZV44WUQLCHW44QD5QSPGT.ppt,Low,Light,Legacy,0,1.0
962,S5EBOAKTDGVRP622S5AS5AG4K4KP3IA3.ppt,High,Dense,Legacy,0,1.0
963,SB7MLIXM2CDG3LN5Y74U5AZSTT245RJQ.ppt,Medium,Light,Legacy,0,1.0
964,SBQ67X5Z6GX3A3IMMP5XSLG7AIEV26B7.ppt,Low,Light,Legacy,0,1.0
965,SF5MOOCLCEIIAWGDXDXKX4YMNQIYIBM5.ppt,Medium,Medium,Legacy,0,1.0
966,SQTHMGUFGEOAW6ZBCZQXKGMHBMCBMWV6.ppt,High,Dense,Legacy,0,1.0
967,SU222YNBJ6E3M3FJQB76PY2W6L6UY2L6.ppt,High,Dense,Legacy,0,0.94
968,SXTHINEKHM424NE24XTPPKSFQKI7MAY5.ppt,Low,Light,Legacy,0,1.0
969,T4XDQI2GHVHH57YFQH2NSXUAETOZ44FA.ppt,Low,Light,Legacy,0,1.0
970,T6RRLOMWIT4DIS3VMCFRMRUHTKZ254GH.ppt,High,Dense,Legacy,0,1.0
971,UEZP4UPBGX3WK3YNZU4SGGMC3IHQFE5V.ppt,High,Dense,Legacy,0,1.0
972,UFT6HNYABNXQXPCRL7O2YLY64JFNF2WD.ppsx,High,Light,Slideshow,0,0.92
973,UGALHAKPAXRJCEUF5WUZYYMVCBARFDET.ppt,Low,Light,Legacy,0,1.0
974,UH6WG44FNPYUSKX3KTKVIDFWPHFBJPVH.ppsx,Low,Light,Slideshow,0,1.0
975,UTQXJXVBS5COZUAE4ATLSHCEBLNGPZKQ.ppt,Medium,Medium,Legacy,0,1.0
976,UXN4R534MDH3OUOGORHJ2XHD6ZGOHNXL.ppt,Medium,Light,Legacy,0,1.0
977,V3BNNU7A77N5YYB76LYNKB3AWMXV3XP7.ppt,High,Dense,Legacy,0,1.0
978,VECXWRHG54D6EVSMH2RQQIDUOSRLHWAH.ppt,High,Dense,Legacy,0,1.0
979,VI5MIIZAQ2NLHIM2HBW25ZDMZJ6AUW6L.pptx,High,Light,Modern,0,0.87
980,VPEBIDCO4FMXMQLBO6W4SU3UYIF7WRFG.ppt,Medium,Medium,Legacy,0,1.0
981,VWXJ27FQIM2KKYDB75LLRWAXB35476WL.ppt,Medium,Light,Legacy,0,1.0
982,W2UDCAJG2WTFGSDNNDFSAKOYAGPPMWFT.ppt,High,Dense,Legacy,0,1.0
983,W62H55LBWBVWE3OYF342DXQCJ4EKAV27.ppt,High,Dense,Legacy,0,1.0
984,X2F47XOQF4U7FWRWGI6NJWOBOELSEGUI.ppt,High,Medium,Legacy,0,1.0
985,X2MBFPKVV5XWNNUJAOF6SSOC6T2VJRLS.ppt,Low,Light,Legacy,0,1.0
986,XHQHVQNWJU5IXPH2LQRMBNXEXFIQ7WL4.ppt,Low,Light,Legacy,0,1.0
987,YDOWENEAAR4HPXTOIGW4253XB5Y5VEPS.pptx,Medium,Light,Modern,0,0.96
988,YLIN2NGYABDYRMGDPM3X4RLBYPGN45W4.ppt,High,Dense,Legacy,0,1.0
989,YZOIIW3V6LACDH5BKHIEJVIOLXLRY7XH.ppt,High,Dense,Legacy,0,1.0
990,Z5PV2WO3UHTD6FJGYFBN4ES4ONMNKUXE.ppt,Low,Light,Legacy,0,1.0
991,ZBMNRUMOBZWLGMZRISIDUVPRZSBZMZKR.ppt,Low,Light,Legacy,0,1.0
992,ZE6B7Q2XRL6Q3SX7AOSH4DPVQK3Q3PJT.ppt,Medium,Light,Legacy,0,1.0
993,ZHT4MJOX7D7OIRMCBPX4PMWZ4OQ7XSZ2.ppt,Low,Light,Legacy,0,1.0
994,ZK7FNUZ33GBBCG7CFVYS56TQCTD72CJR.ppt,Medium,Light,Legacy,0,1.0
995,ZLA2VJT2GECHIXIHPOEWLWKCAK7RUI3U.ppt,High,Dense,Legacy,0,1.0
996,ZPXFIWO5T7N6UCT4GYAFCOA63AB6DH47.ppt,High,Dense,Legacy,0,1.0
997,ZREENXOBSOQJYKCLXUVWXQ2U6DAV4A5T.pps,Medium,Light,Slideshow,0,1.0
998,ZTNSZ26OKIPGGSJRQHZ7HQVHY2Z2LTRZ.ppt,Low,Light,Legacy,0,1.0
