file_id,filename,file_size_kb,file_size_mb,slide_count,word_count,avg_words_per_slide,file_extension
1,25OOF5WZSJ4M6JG3BPYDO56GYBR65WET.ppt,264.0,0.26,8,160,20.0,.ppt
2,25ULXWYQWGS6YUMPQVIXWIH6M6KR4KVH.ppt,1100.0,1.07,9,585,65.0,.ppt
3,2BAXW45Y275TQX4RSSQ7E2GPM6QNJQSL.ppt,87.0,0.08,2,40,20.0,.ppt
4,2C45NWO7FMTDRTBBR6FA442OZKSCLGZZ.ppt,82.0,0.08,2,40,20.0,.ppt
5,2KIPLZ3S2E67IXIAOCHCRCXKOF2JWAGN.ppt,34147.34375,33.35,170,15300,90.0,.ppt
6,2KX5TCHOALSE53JKUOQYXIT6HEP4ZVXS.ppt,1118.0009765625,1.09,9,585,65.0,.ppt
7,2L5JFJNVCBULD4V5UFNMPUKWM3BYSSYC.ppt,729.5,0.71,9,405,45.0,.ppt
8,2NYYOQN3UKYWMKXDAMTWP4ZNMGBBTLCA.ppt,229.0,0.22,7,140,20.0,.ppt
9,2OQH2WVZYVMWHBOMN2VC26AYAGQD5QVN.ppt,2537.5,2.48,21,1365,65.0,.ppt
10,2PHUFFLNB6NVJXNP7AOT4UUAXQN6LDFP.ppt,4498.0,4.39,22,1980,90.0,.ppt
11,2Q6UFCQZ4RM3AWZ7DUIXQQEOSUPCXYOH.ppt,986.0,0.96,8,520,65.0,.ppt
12,2QFYONKPG3566U3YFPHXY6T7JLCK6VE4.ppt,1104.5,1.08,9,585,65.0,.ppt
13,2SUDV5APSI32EU5XVPLVQ6RLHMFDAYWY.ppt,372.5,0.36,4,180,45.0,.ppt
14,2UZWOMCY3DPW5PH3VMX7OAAG7V4HEYH3.ppt,431.0,0.42,5,225,45.0,.ppt
15,2VG54YF5YAV44ZTZRE77NUNF3Z42EOMT.ppt,29259.0,28.57,146,13140,90.0,.ppt
16,2W4FR5QCNIDWDPDHSOPQRQFPNBUSU5HJ.ppt,1933.5,1.89,16,1040,65.0,.ppt
17,2WQIM42NL52W7P6HYUBFYZZRUM7V6RAL.ppt,1214.0,1.19,10,650,65.0,.ppt
18,2ZSMV7KZIVJZ2FR7WZFLPUN54ZIAJY2P.ppt,249.5,0.24,8,160,20.0,.ppt
19,32SRAKXYHUECCJ53WTCS2KEOVQB3ATZY.ppt,1359.0,1.33,11,715,65.0,.ppt
20,344OQNBRKQTM4BX3U3ZJ3AYRZQL7FZRG.ppt,621.0,0.61,7,315,45.0,.ppt
21,3AEL7UUQTMHI65PZHCFJ5BGMRO43JBLE.ppt,9929.0,9.7,49,4410,90.0,.ppt
22,3C5JMYXUHB76NM3MIGF3BFA7SSOLIJ4A.ppt,669.5,0.65,8,360,45.0,.ppt
23,3EJF7F35J377CRUC6A2ZFPX3YTJJ6GC6.ppt,1245.5,1.22,10,650,65.0,.ppt
24,3F2AIMI3HJTKQCKUQTIVLB34ARNKQFOA.ppt,2236.5,2.18,18,1170,65.0,.ppt
25,3HVZE4VXUHEO2C7F5OPLHN33QLDIO7QS.ppt,1421.0,1.39,11,715,65.0,.ppt
26,3JVULO6MYGGHOV3UKF42BCQVPFWMIT64.ppt,30.453125,0.03,1,20,20.0,.ppt
27,3KXSMTT4I7UGB6WGMCDSKKAJBJ456GMG.ppt,1497.5,1.46,12,780,65.0,.ppt
28,3M2KW33YIQ4LEWDMYNVH7AK7DFEZGHS3.ppt,209.0,0.2,6,120,20.0,.ppt
29,3MWU67M6BPTZ2F32HYFQBD7G7MSZRTYV.ppt,2510.5,2.45,20,1300,65.0,.ppt
30,3OBXSIPZFNVDADGVW2453TTKZAYG4OMO.ppt,92.0,0.09,3,60,20.0,.ppt
31,3PE7HQBHFD6TZGH2PT7DFMFK2Y6V6RQX.ppt,2520.0,2.46,21,1365,65.0,.ppt
32,3PEGTSI2UGETCOSEHXL43IWGVYLOUADT.ppt,2050.5,2.0,17,1105,65.0,.ppt
33,3PLFFF4TEUIZK4JDFO5LLLJPNG2U2BXV.ppt,3241.5,3.17,16,1440,90.0,.ppt
34,3RT2AN7CSU5PY3DET5V4WZ6HW3AZFJLP.ppt,912.5,0.89,11,495,45.0,.ppt
35,3T6UUEBA6OW54NRDU67N4542DS4C4HGN.ppt,750.5,0.73,9,405,45.0,.ppt
36,3ZJ4KJ22WWCN5MCU5QZ2MAZ23JUAMDRI.ppt,3813.0,3.72,19,1710,90.0,.ppt
37,42NBH45R52NJJV56WPDTLI4PIO2DEAWW.ppt,63445.0,61.96,317,28530,90.0,.ppt
38,42WT5TIGX3LW2L5AJCKO4SOSGJ6TITUW.ppt,106.5,0.1,3,60,20.0,.ppt
39,42XLCUP4M53EYZADMN2WV5JJYR76QO7Y.ppt,236.5,0.23,7,140,20.0,.ppt
40,43CRUSP56UOSVWGPVHCU47N4P5UGNBYJ.ppt,3494.0,3.41,17,1530,90.0,.ppt
41,43U2MQ2GGDNTWBO2ICP5VDX55AO7F2ZR.ppt,9873.5,9.64,49,4410,90.0,.ppt
42,456U5RSC65JCABWK55TRDSJ5XYMOZFKV.ppt,1548.0,1.51,12,780,65.0,.ppt
43,473JCUE2QVRGWZD7XYQ4SILL737NEE3F.ppt,1023.8046875,1.0,8,520,65.0,.ppt
44,4AIG4FHCDFPDURSDYM5O6KT2H7HOHK5R.ppt,149.5,0.15,4,80,20.0,.ppt
45,4E2HYCCGDHOXFM55X7APRPSUXFCMZB5G.ppt,104.0,0.1,3,60,20.0,.ppt
46,4EODO2APM6VFJEYBRVTKEJY4C6TFTJRS.ppt,999.0,0.98,8,520,65.0,.ppt
47,4EQODOZZFZLQPS2RN5L5C3PD64MCKIN7.ppt,224.0,0.22,7,140,20.0,.ppt
48,4EQRZF27VFZGN5EKCMX2EIAHGMIBHTVQ.ppt,42.5,0.04,1,20,20.0,.ppt
49,4HJQPYAPZ22JJHAGLNJ2FI6SL2QP23RC.ppt,6167.5,6.02,30,2700,90.0,.ppt
50,4KBKISVRMD4G5WHGH2J7D3OIOK7XEDAO.ppt,536.5,0.52,6,270,45.0,.ppt
51,4P3ZPMFJJEPE2ZS7ZEOBBZEOKMIKC3Q6.ppt,504.5,0.49,6,270,45.0,.ppt
52,4P57GCH3CYTSCEKJA6RPS2TW4ZRURDZR.ppt,2310.5,2.26,19,1235,65.0,.ppt
53,4Q73BQR7XF7TPZ3DTAIEIQ7KVBEEZVID.ppt,790.0,0.77,9,405,45.0,.ppt
54,4QON2BH6OPUAYNNZYEHQ23VVXSGZWACM.ppt,294.5,0.29,9,180,20.0,.ppt
55,4REW6FB5FVTRGDJPMDBD7KD36DF33R4Y.ppt,383.5,0.37,4,180,45.0,.ppt
56,4RPMNGVQLYY46VJE4FFC3FEXHI3SZVFK.ppt,137.5,0.13,4,80,20.0,.ppt
57,4U67PWXKTRZKXJZM6B5LXIPSYC5B5I4F.ppt,7848.5,7.66,39,3510,90.0,.ppt
58,4ULDVNES2HW26FQOAJHDICFVL7Q7D37W.ppt,3554.5,3.47,17,1530,90.0,.ppt
59,4VINXASKDCRQJ52COVTHLHCL26FEI6C3.ppt,12515.0,12.22,62,5580,90.0,.ppt
60,4WVHPXMRD7MFHI4YRSVK4FCYE42YG4M6.ppt,53.0,0.05,1,20,20.0,.ppt
61,4Y6Z6KRRHS3TIVQ2ZJVYVW7RSGXOBS6Y.ppt,134.0,0.13,4,80,20.0,.ppt
62,55CKX3IWINMWWQZE6KXLOKXFJ3RHXQD2.ppt,34.5,0.03,1,20,20.0,.ppt
63,55ME7SJGQVVQM23PK6W5PFKFXL7MRQW4.ppt,12643.0,12.35,63,5670,90.0,.ppt
64,5A2LG2JJBJLTXHXVFUK7RYLFU3L45QMJ.ppt,355.0,0.35,4,180,45.0,.ppt
65,5AGBLPKWBUWAYJNY6XM264P7D6IHHUPA.pps,1099.5,1.07,9,585,65.0,.pps
66,5GLBKNRC3EXYC6UNLASJOTJJ7XBA7MA6.ppt,3149.0,3.08,15,1350,90.0,.ppt
67,5HJPOQYQI763CCVXMEE6KZC6RUU3XZBI.ppt,1328.5,1.3,11,715,65.0,.ppt
68,5I2LMQQXQEHYLWJ7ZB2KWXPNJCJDKG36.ppt,269.0,0.26,8,160,20.0,.ppt
69,5JLLFNXK5IQWIT6ERGNU6BHUFSEIKIYS.ppt,185.0,0.18,6,120,20.0,.ppt
70,5M64YE6TMJKGT7PXYSE4E7CBW5KY4NPF.ppt,1002.5,0.98,8,520,65.0,.ppt
71,5NIKVLXW3ZPAXXDY4BOFRNY4PFBD2Y22.ppt,467.0,0.46,5,225,45.0,.ppt
72,5NMY6DTLBQ5NOPFQLQSDN6OBMK7MCG6J.ppt,4387.0,4.28,21,1890,90.0,.ppt
73,5O4KPJUNZG3GGCMNE75N5IW45SSUGKQM.ppt,998.5,0.98,8,520,65.0,.ppt
74,5POKAMGWRY4QGTOKVSIN62OQNIG6LTBR.ppt,1168.5,1.14,9,585,65.0,.ppt
75,5Q3FRZAGPX5VA6LPITSCLV3TIPVS735G.ppt,550.0,0.54,6,270,45.0,.ppt
76,5R5NYRCDWZ5EU7HLH4JMM7OZQZA5EHRZ.ppt,3724.5,3.64,18,1620,90.0,.ppt
77,5YFHSXCMFPWVWXPE5LWV2UVFE6T5VUPO.ppt,493.0,0.48,6,270,45.0,.ppt
78,63JEW5OSOYLAIDBBJF43LZBPOTMB3O2R.ppt,1646.0,1.61,13,845,65.0,.ppt
79,64XJMNZ3WSLR7ABU5UGZMVPROZIJVJNG.ppt,68.0,0.07,2,40,20.0,.ppt
80,66YGK4HJRS2V4IXEFIZKCY2XR5XLPWDR.ppt,121.0,0.12,4,80,20.0,.ppt
81,6AB4PC5ACO4DVBLWY4V4FO3N5GQMFYF4.ppt,220.5,0.22,7,140,20.0,.ppt
82,6CWEJFM5BP26QYBJSVMNVQOJM2DS3OT4.ppt,500.5,0.49,6,270,45.0,.ppt
83,6DLOQ45RW3VN6P4X5D3VBVE6M4BLCWPH.ppt,1164.5,1.14,9,585,65.0,.ppt
84,6EH6G47DP2THE43XOO2QRUED7LA7A7LW.ppt,2003.0,1.96,16,1040,65.0,.ppt
85,6EOW2GL2AIAIKP6CVBFIR6ORGOWE7XTO.ppt,136.0,0.13,4,80,20.0,.ppt
86,6GVZ7MYZSEBG435OME7OHGQIFLFTB4D3.ppt,207.5,0.2,6,120,20.0,.ppt
87,6H2XFIS6EF3T5B7ROT6LFF6WO5YXJ6DT.ppt,14068.5,13.74,70,6300,90.0,.ppt
88,6J5XFVZHWAXOW54YPKO4GUA6KMMEUYJ2.ppt,16706.0,16.31,83,7470,90.0,.ppt
89,6KSN4AJ5F6GVBYLOYV3SRDZVJ5HECTFO.ppt,1949.5,1.9,16,1040,65.0,.ppt
90,6MGDAP5G3DOTKBA2COWPTT5RET2SMJKA.ppt,401.5,0.39,5,225,45.0,.ppt
91,6NIAY2OFHWO3UMYOCUP2VLIKKFY47CVD.ppt,411.5,0.4,5,225,45.0,.ppt
92,6NSLWMDVKDHNYPSG7L4ILYDE6ACJJM5E.pot,593.5,0.58,7,315,45.0,.pot
93,6QSZNVDNFUN6B35LYULFMC24NLU45L6D.ppt,265.0,0.26,8,160,20.0,.ppt
94,6RHISUOBBE5R2ZA6MT4EWD6MJN3MVIC3.ppt,680.0,0.66,8,360,45.0,.ppt
95,6RTANRL5VHCJZZUF2PQ3ZUIF7DKKD2TN.ppt,11647.0,11.37,58,5220,90.0,.ppt
96,6RZIABYYUSNAYUS75YBFQVJIH5SHCTFJ.ppt,1640.0,1.6,13,845,65.0,.ppt
97,6T3VALRSZ2A2ACWDD4ZTHBCV75ENT4AY.ppt,1373.9541015625,1.34,11,715,65.0,.ppt
98,6WBMK5DQ5PVDIRX7U326FAKMGQKF7F6C.ppt,8362.0,8.17,41,3690,90.0,.ppt
99,6YU3KKBRVVRZBI2FUWRUVIMICMR7SCMZ.ppt,139.0,0.14,4,80,20.0,.ppt
100,6ZFCTZF5ZDOMM5KBD2X4PXU5WPG7EY6P.ppt,1626.0,1.59,13,845,65.0,.ppt
101,73VG2IV4TY7WF3FXTOHTUPMRQ2AE625U.ppt,6216.5,6.07,31,2790,90.0,.ppt
102,73WQEI4GN5DM2RY2XM5CGAAPJH54MM5X.ppt,304.5,0.3,3,135,45.0,.ppt
103,74R3BZJYK5WR6JAHQ5LF3CTTNMTPSCJV.ppt,205.0,0.2,6,120,20.0,.ppt
104,76QKCT6GH3DG57GVF7UM4VA6S3XPIJQK.ppt,4242.5,4.14,21,1890,90.0,.ppt
105,7AMOJEMPU6SSMBSDDXEWBRNPCGIGGNWB.ppt,7938.5,7.75,39,3510,90.0,.ppt
106,7E27H54EOCGXA5PGFCOB3HWJTKQRRQ2K.ppt,356.18359375,0.35,4,180,45.0,.ppt
107,7ECNQNAGJJXYYTP7NJJZXFBPFEYRSNIZ.ppt,413.5,0.4,5,225,45.0,.ppt
108,7EXJU7B5RZBYIUCFPN2GU7C56DW6PYXB.ppt,481.0,0.47,6,270,45.0,.ppt
109,7EZSHVTKZE2FXP5SXI6DO2RJPIDLMXOP.ppt,1543.0,1.51,12,780,65.0,.ppt
110,7GPC5WEYR6UGXFCD2MXNV2K2BUWSI3DI.ppt,1743.0,1.7,14,910,65.0,.ppt
111,7HWGVWCIQ76XNUM4ZKSALENWZSZY4WH7.ppt,115.5,0.11,3,60,20.0,.ppt
112,7JHHGR5WZPJ62PUTTYBDE7SOVMXG77LV.ppt,506.5,0.49,6,270,45.0,.ppt
113,7K2DTWHLJNMOZFDX7WCTKB6H7S2GFT4A.ppt,103.5,0.1,3,60,20.0,.ppt
114,7NNWWAFNFVQUVTKVBZHRJ2RVADXNTN6R.ppt,85.5,0.08,2,40,20.0,.ppt
115,7OT4J6PLM4EDV3FSRJEUUDYGZHW4NXOG.ppt,3.3173828125,0.0,1,20,20.0,.ppt
116,7RJPFIQDBVIIAOTLFULOI5HOEF6UF5RC.ppt,167.0,0.16,5,100,20.0,.ppt
117,7TMXQE3Y4GL2UUMOCOURRUB2WICIUEBX.ppt,473.0,0.46,5,225,45.0,.ppt
118,7TO53Y4YVEG5DL4QZPY4SDK476PZUMR7.ppt,56.0,0.05,1,20,20.0,.ppt
119,7TZWV73FCJEBZUILSPFQ3PCLOSMKS2GQ.ppt,19467.0,19.01,97,8730,90.0,.ppt
120,7UE4VS2UFXWOJCQ7OFN6VU343N43SUF7.ppt,750.5,0.73,9,405,45.0,.ppt
121,7VB6PZAMIJXZMXXGFIB7SRTVXRTZJAZX.ppt,4412.5,4.31,22,1980,90.0,.ppt
122,7VO4DGQTFHOVZV3MOGRXPFZX3G65T5MK.ppt,33108.5,32.33,165,14850,90.0,.ppt
123,7WE4DNSUOWE4SZUH2BEIPEUVHQCVGTKG.ppt,87.0,0.08,2,40,20.0,.ppt
124,7ZAKTRMWTLNH6A3DXSLWBLLUSOPTEBSF.ppt,2136.0,2.09,17,1105,65.0,.ppt
125,7ZL2YDKQCHEPJMFTRMZRUECJIQEBO35C.ppt,3591.5,3.51,17,1530,90.0,.ppt
126,7ZW2X2KAL73ULKZYIVVYDPHLR6HTTGB7.ppt,28940.0,28.26,144,12960,90.0,.ppt
127,A357BCH74MSHQBTYEESR436SP3UV47LH.ppt,519.5,0.51,6,270,45.0,.ppt
128,A4LUGN3S6N4ODT753SVKANF77NBHMYHI.ppt,68.5,0.07,2,40,20.0,.ppt
129,A6ZZJIIBNZHV333BHVXAE5Z4KYBDQOGY.ppt,597.5,0.58,7,315,45.0,.ppt
130,AAKNPLLFFGXUYIF33SIPIKNYIQM6LTOA.ppt,18853.5,18.41,94,8460,90.0,.ppt
131,ACTCWWIWERL5XQX2OXEWPRBMAR2MNIQB.ppt,1416.5,1.38,11,715,65.0,.ppt
132,ACUKCFBR5FCZXFFCDXPS5ZGYYZVI3WDJ.ppt,4699.0,4.59,23,2070,90.0,.ppt
133,ADXPGPA52EXHHMG27AWXIRKSVS4OCD2M.ppt,474.0,0.46,5,225,45.0,.ppt
134,AETO2TXZOJELJMRUOTXE4GFYVG2TV7RB.ppt,6734.5,6.58,33,2970,90.0,.ppt
135,AGVRECBRZ2FJA3PQDW2PQHL6C65YJT2N.ppt,189.5,0.19,6,120,20.0,.ppt
136,AGWKM6UM3DTVW56HJGRF6YRUCZTL6ZBD.ppt,2801.0,2.74,23,1495,65.0,.ppt
137,AMNV73YX4DGFMA3BFCXXRZHTTGB7CMRV.ppt,18196.5,17.77,90,8100,90.0,.ppt
138,AOA4F3YTXMZXD3U7GNFEAGN5O3DPUA32.ppt,484.0,0.47,6,270,45.0,.ppt
139,AUFBIQ6GVP7MVFN3GFMWVYUEZTD7TLRW.ppt,659.0556640625,0.64,8,360,45.0,.ppt
140,AV3ICHLAI3N4VOAHM2VCMKSSL2JYK7ZN.ppt,1177.5,1.15,9,585,65.0,.ppt
141,AV7D23GMYWMGZ7JU5VQQV6OSLVCOEXXR.ppt,6015.5,5.87,30,2700,90.0,.ppt
142,AWAAXK7YN33SXNODFMULWMMGBMXOO5TJ.ppt,64.0,0.06,2,40,20.0,.ppt
143,AY55RG6OHU76L4FPALFXXIZRZLBVRKFN.ppt,1023.7568359375,1.0,8,520,65.0,.ppt
144,AZITJVXKXG66OLYV2NTDTES5R6BNHE6M.ppt,1747.0,1.71,14,910,65.0,.ppt
145,AZUJKVSECBM5HPZZIOMQ7ENLYDJXOO4C.ppt,8433.0,8.24,42,3780,90.0,.ppt
146,B2X3QFGW2ZK53FN4YNTPY6F7M4T2H2VI.ppt,748.5,0.73,9,405,45.0,.ppt
147,B4LNXAVPPNSQF4R3WBKCEQJEGWJF6JDV.ppt,3224.5,3.15,16,1440,90.0,.ppt
148,B52SBZ4XZJTRJP56IXZXD5IFZCIIGPMK.ppt,2548.0,2.49,21,1365,65.0,.ppt
149,B64WAE22OJQUDSE6F47IVKEOHDLE2E33.ppt,1379.5,1.35,11,715,65.0,.ppt
150,B65O4VBCEPU5OZVB7UFGC42LYMBD2OCB.ppt,1432.5,1.4,11,715,65.0,.ppt
151,B7SZ7EGL7U2B7COPM463BHECWZUHK5SA.ppt,8164.0,7.97,40,3600,90.0,.ppt
152,B7YTSQC3FCJP4XCGIUTYSVN3LLF4T4DB.ppt,2033.5,1.99,16,1040,65.0,.ppt
153,BAP7BOXBUXOPFOVK7MXYB7HBFCVPUZD5.ppt,321.5,0.31,4,180,45.0,.ppt
154,BESIDW7JSI2HMKTDPHND7N434HOZEKYZ.ppt,1424.0,1.39,11,715,65.0,.ppt
155,BITTLDKJBPUILZZHODEKW7R4QWDEG27I.ppt,84.0,0.08,2,40,20.0,.ppt
156,BKWUEWXLHKL6V36TFWV6TRGEGHEWYC4V.ppt,503.5,0.49,6,270,45.0,.ppt
157,BLH7R2LEU44BJMPB6P745OZUZ5SGW5TD.ppt,573.5,0.56,7,315,45.0,.ppt
158,BQ6GJTHIEKC7ILXP6ITB74WQ4CILCJFP.ppt,1461.67578125,1.43,12,780,65.0,.ppt
159,BR6B47HI4WPJHO7ZA5L24PZPSUWYEA4K.ppt,710.0,0.69,8,360,45.0,.ppt
160,BT2LYDUELPJB6BSQ5VVRQHQSHK77R5TZ.ppt,828.0,0.81,10,450,45.0,.ppt
161,BWR2U56M367KTKJ5KX65WMH4YYB3Q5XQ.ppt,287.5,0.28,9,180,20.0,.ppt
162,C26ONKJ6QYE6M7GIKRYT2YVIP5HLYIPT.ppt,84.5,0.08,2,40,20.0,.ppt
163,C4NEJBNXBHZYPN4SDSVZCSXY5BAKXW73.ppt,2651.5,2.59,22,1430,65.0,.ppt
164,C4PELX7WWPK55JVVXOGXBXKZAMJGHPWY.ppt,1042.5,1.02,8,520,65.0,.ppt
165,C6OEPWG3EW5XSISW4ULUZYEIBBZRUPFJ.ppt,394.0,0.38,4,180,45.0,.ppt
166,CBKWMV3QHUUJ3TZJ43Q2LZR3ZO65DPVY.ppt,1079.0,1.05,8,520,65.0,.ppt
167,CC3WAI4NGPA65YE7AUQMUZVLWXJRA5HA.ppt,2160.5,2.11,18,1170,65.0,.ppt
168,CC7DI62VPMHSPHY7YMIRIGAZNMLS5TTC.ppt,4118.5,4.02,20,1800,90.0,.ppt
169,CCWKFABUAQW3ORD6HYUQ7MIRL7KX7HHS.ppt,672.5,0.66,8,360,45.0,.ppt
170,CHO5NSKNX35P6TWQGVNBYFRADE3YYRGU.ppt,308.0,0.3,3,135,45.0,.ppt
171,CHWIF7BNUSPC23VJYCKQBMIISNZNQEMH.ppt,110.5,0.11,3,60,20.0,.ppt
172,CLLZE7D5OWQ4PRVHXHUDNO6TMRNJYB5U.ppt,57.5,0.06,1,20,20.0,.ppt
173,CPPZ7XVDAZOUO5DA3FPTTGMPICRBTMD4.ppt,7233.5,7.06,36,3240,90.0,.ppt
174,CPRZMHW7H7HUKU6VHFOTTBB5Z6MCZN6I.ppt,1037.0,1.01,8,520,65.0,.ppt
175,CQJHERDE6EEOD6NZR42X27OSYZS4QRK2.ppt,74573.58203125,72.83,372,33480,90.0,.ppt
176,CTTHRETSHFBVVTLYGN3EEZD2HQU6HCCL.ppt,7245.0,7.08,36,3240,90.0,.ppt
177,CVTXZJ3F2VLZFWCS4V53JYJFDWHLMZT2.ppt,177.3671875,0.17,5,100,20.0,.ppt
178,CWUYNIZLBVBZ5HRVINQR56777M64T3MC.ppt,2266.5,2.21,18,1170,65.0,.ppt
179,CZFZ4MSMJL4WHVWO5MTDXHEXZBHUXA5W.ppt,123.5,0.12,4,80,20.0,.ppt
180,CZU2DGYUM2XOVDSPRKUFQHAHZOM3OSAA.ppt,61.5,0.06,2,40,20.0,.ppt
181,D272Z3EGA77PJ26A46F56OJVK5UIZKV3.ppt,621.0,0.61,7,315,45.0,.ppt
182,D2STRWR5OAQVHQA6UHSXUSXLCBTSEZLY.ppt,1530.0,1.49,12,780,65.0,.ppt
183,D2SZIKCBX3XQRCHF3EMQGMGUTOS6TD3B.ppt,35568.5,34.73,177,15930,90.0,.ppt
184,D2VNOOMREH5XUPP5AIGF6WPVHW6GDV6P.ppt,4736.5,4.63,23,2070,90.0,.ppt
185,D2YWFCLQGLN7XKXB4L7V47Q6YFH4H5IV.ppt,124.5,0.12,4,80,20.0,.ppt
186,D3JO5PPFWYH3B3QLOFSPCDI3UXP2EBCW.ppt,936.5,0.91,11,495,45.0,.ppt
187,DAJVF3FTN66PTMKERBJWCOQHN7YVIT5K.ppt,986.5,0.96,8,520,65.0,.ppt
188,DDEHQYLQ257BDTVP2V55THH34SO77UNY.ppt,91.0,0.09,3,60,20.0,.ppt
189,DH2UPXJU7QM7G2Y3HFIVPRZ6OWU4FWEA.ppt,907.0,0.89,11,495,45.0,.ppt
190,DHKIRGIY7EJBFI5SAWWJVC33NNCFFYJ3.ppt,61.5,0.06,2,40,20.0,.ppt
191,DIEJMNHJIP6IWZGTRWJ7W45FI74RNGVM.ppt,398.5,0.39,4,180,45.0,.ppt
192,DJDTF3LDE5IUM6VER6DT7MF2BMM2QWQB.ppt,79.5,0.08,2,40,20.0,.ppt
193,DKBZTKS5KEWTVHTSMV73TJGLGGHTGS5P.ppt,21510.0,21.01,107,9630,90.0,.ppt
194,DMES3CZYHANEFSVL56GSDOHLYFU5WE2L.ppt,475.0,0.46,5,225,45.0,.ppt
195,DQ2UP5CQ5EC5LKVHRDHMHFE725TYCZFX.ppt,62.5,0.06,2,40,20.0,.ppt
196,DQ5NNLMQJ5WC6BPFEGKP6NOEVAZMA6Z2.ppt,256.7490234375,0.25,8,160,20.0,.ppt
197,DQR2TWELFZHB7HBKJNATHGZPAHC7EDJA.ppt,503.5,0.49,6,270,45.0,.ppt
198,DSOC54B6GFMUXIISGHSQYOOKWGI5AUOE.ppt,4095.0,4.0,20,1800,90.0,.ppt
199,DSP63H5VTJOMXCRM37IFWNBXVKZX44YO.pps,384.0,0.38,4,180,45.0,.pps
200,DT6LOOEOQ7OYJIHCD7XKJ3E3ZQFB7D2H.ppt,316.0,0.31,3,135,45.0,.ppt
201,DTAC7HAPXFA7X3EN7YFP2755NPRTEW4B.ppt,967.0,0.94,8,520,65.0,.ppt
202,DTTA6HLJ7MIVJRLEWK3BVNASPUMJMDKL.ppt,132.0,0.13,4,80,20.0,.ppt
203,DUSRNNHMECP24AUR5Z23NN4F3NG62LC3.ppt,4977.0,4.86,24,2160,90.0,.ppt
204,DVXPHFTREHWZQ6OVJLAI7NFKJ3EL674S.ppt,1228.0,1.2,10,650,65.0,.ppt
205,DWYYWIOQ6LCY2OO246FE6A5EKGGNBYCS.ppt,1035.0,1.01,8,520,65.0,.ppt
206,E2IKF6XW4ZOFPLT2D44QYINDJGHFM3OV.ppt,25.5,0.02,1,20,20.0,.ppt
207,E2YTZ75RZIZTKO54UBKMQW6EDT4CU4GU.ppt,1203.5,1.18,10,650,65.0,.ppt
208,E3V3BGJXHCZ4VHDF56JXNCYYY42YCIPY.ppt,3047.5,2.98,25,1625,65.0,.ppt
209,E42NMDDLOLBPGOMVMSSNZ3A2X4PUF3JY.ppt,3199.0,3.12,15,1350,90.0,.ppt
210,E45O7BFCVUJTSLOE7IDIZ42J5NO7ND5M.ppt,2365.0,2.31,19,1235,65.0,.ppt
211,E52ICTD7B5Q734YV7VCJDJ6AEBLUAGCX.ppt,5523.0,5.39,27,2430,90.0,.ppt
212,E6HWVOBMKUX3LVE4HSO2ZVU2GY74TGWQ.ppt,341.0,0.33,4,180,45.0,.ppt
213,E6LU4GLUY4GCCYXR2YTJWTKMFYAZAYRP.ppt,7723.0,7.54,38,3420,90.0,.ppt
214,EG5UAZTQA4O3WETWNE2ZGBBQLA5HV33P.ppt,157.5,0.15,5,100,20.0,.ppt
215,EJ3D6TDJ75RAZBJRO7VIKHH4OCAK2J4F.ppt,721.5,0.7,9,405,45.0,.ppt
216,EMCMK77PGX3NBSW662L5CWL7SNLNZEKK.ppt,2848.5,2.78,23,1495,65.0,.ppt
217,ENQBD3NSTWSXWN4CPYOVUA2KADSTGI2W.ppt,7629.0,7.45,38,3420,90.0,.ppt
218,EQE3GOOCKPLB6X63EX4Y37PPUWYWAAK7.ppt,29186.0,28.5,145,13050,90.0,.ppt
219,ER2UWYRMJWAAWPGWZWXRZTDCANED77AA.ppt,337.0,0.33,4,180,45.0,.ppt
220,ET7ZGBSBUSTK6RZZKT76TBEM25TDV6ZO.ppt,3286.0,3.21,16,1440,90.0,.ppt
221,EVVJT4VWRJRIMTMSSMVV2BA7Z3WT6NEO.ppt,421.5,0.41,5,225,45.0,.ppt
222,F2E3KA3WPON6PYVCUKWYKWUIZF7IHNME.ppt,526.0,0.51,6,270,45.0,.ppt
223,F3GLUD2UL4NWYQEAZ2WJAN3SBZUHA2OR.ppt,3882.5,3.79,19,1710,90.0,.ppt
224,F74VIYBS6BRQDTH6GPE5S5FZYFSNWFNQ.ppt,104.0,0.1,3,60,20.0,.ppt
225,FAABDA7SW5PWWANV5QQAHYV2GVAZOYKC.ppt,24.5,0.02,1,20,20.0,.ppt
226,FD5W66PJFGGQI2TAAWKO2WPUC3W54J7M.ppt,1461.837890625,1.43,12,780,65.0,.ppt
227,FDWGQOKPIUTBYKIQVEYF5IAE6EI7RO3E.ppt,1875.0,1.83,15,975,65.0,.ppt
228,FEB4N3DLWJEUJXZSPEABGKDIQP4WWGLI.ppt,4664.5,4.56,23,2070,90.0,.ppt
229,FFLTBEA474ZS4NWVHG77XZTCDJH6Z75H.ppt,575.0,0.56,7,315,45.0,.ppt
230,FIOMGRKVGQ5RSVL2ELZIHAC64VBDFRZ6.ppt,377.0,0.37,4,180,45.0,.ppt
231,FJ5KU4EBAZRGF5WVMXS454BJAPMPURDJ.ppt,608.5,0.59,7,315,45.0,.ppt
232,FKCYHZ6C5C2QPZQN7SLC6AUYTIR32IWZ.ppt,10867.0,10.61,54,4860,90.0,.ppt
233,FLKYCUL3EHWK7EKIF4UES26FRF5RXAA4.ppt,357.5,0.35,4,180,45.0,.ppt
234,FNQ6ZLZRU4APLGCIWUXRDVU6ZETOM2I3.ppt,75.5,0.07,2,40,20.0,.ppt
235,FOACDPFTV4PK4ZD7EFUA7NIZWJHBQCCN.ppt,391.0,0.38,4,180,45.0,.ppt
236,FP5NNKZCFA2726DTQNVHVP7W3BKQQULQ.ppt,249.5,0.24,8,160,20.0,.ppt
237,FRKG2M25MLGZHCUUPLDO2O37DMLEXM2W.ppt,1033.0,1.01,8,520,65.0,.ppt
238,FSLJIW7DC72HTBKLPTIBDQIKMZBJOCTN.ppt,571.5,0.56,7,315,45.0,.ppt
239,FSNGC7W3GKJNXOFAQSFHH2JCORKCUSBJ.ppt,1787.5,1.75,14,910,65.0,.ppt
240,FTCZRGLD3TQHOSISN63WSBKOY4OVCJNC.ppt,707.5,0.69,8,360,45.0,.ppt
241,FWCLNWLDPVLDP7H7RSPAFVJK2VP2JYTA.ppt,309.0,0.3,3,135,45.0,.ppt
242,FWNLRBMGYE3EVHZBF5X6HY4S4NJYAWV2.ppt,7702.5,7.52,38,3420,90.0,.ppt
243,FXGCM3ECVU77SQAS7TV3CVX6X27YUU3K.pptx,2281.5576171875,2.23,22,219,9.954545454545455,.pptx
244,G3MJA22RI7ZYMB6OY3YYDYXSPVPOFE7O.ppt,414.5,0.4,5,225,45.0,.ppt
245,G5C7BSTQQ6ZBMFRQHRWEKV7K2LRVE2NH.ppt,7495.5,7.32,37,3330,90.0,.ppt
246,G5S4FEFXFODR5CO4SE3AVWAXQ2ARBBDK.ppt,1007.5,0.98,8,520,65.0,.ppt
247,G6OLLXO5WYGY2EV2YYPJHF2EX3OH526P.ppt,3098.5,3.03,25,1625,65.0,.ppt
248,GAQBWCE7K2YIZAHO6IJA6HKVWFAI26IE.ppt,217.5,0.21,7,140,20.0,.ppt
249,GASTB7W6EUGDKSVCSCSB2YU7BBWHQIKS.ppt,607.5,0.59,7,315,45.0,.ppt
250,GCIMAHPHZDEJTTS4ICPOWAO7P5GCPMLJ.ppt,416.5,0.41,5,225,45.0,.ppt
251,GDIMCQBLOO6ABCKWRF5LQJNG55DJVXZW.ppt,117.0,0.11,3,60,20.0,.ppt
252,GFKHH4FIINLTRDCPVUYDA4T75D4VUAUM.ppt,2458.0,2.4,20,1300,65.0,.ppt
253,GFKHJWG2ML6BFWMRE7VITV6QUBGHWCEK.ppt,4563.5,4.46,22,1980,90.0,.ppt
254,GFPM5HAYEZBP2H6QLBTEZKQX3SLLWQP4.ppt,2829.5,2.76,23,1495,65.0,.ppt
255,GGHSJK63RGTOA56GOI6YFI3JFRAXLFQD.ppt,1780.0,1.74,14,910,65.0,.ppt
256,GILRPLEOBKIXG7PSD7NCWEDBFFKCZWXP.ppt,327.5,0.32,4,180,45.0,.ppt
257,GLK2UIKQSUSITDDRLMYDJUMEGSU2PN3T.pps,230.5,0.23,7,140,20.0,.pps
258,GMI2PS52SSS2NC4P443IYNAVPWR4M6SU.ppt,414.0,0.4,5,225,45.0,.ppt
259,GMKLFUXDZMUA57T74QKQ45EKDFVLJXMN.pptx,5811.0732421875,5.67,42,1559,37.11904761904762,.pptx
260,GOTP2XMMFL3KBGZSTIPI3NS6JOVMIBDO.ppt,440.0,0.43,5,225,45.0,.ppt
261,GPUOVXSUAMCTZLKQWEDWSSEE5B74CG7L.pptx,1419.7919921875,1.39,35,702,20.057142857142857,.pptx
262,GU6ONG3YZK6GSCYZSFN3BQUMEDVGBZXJ.ppt,189.5,0.19,6,120,20.0,.ppt
263,GW43MDQFCDZOL2W375XTAROMQRAPPGXP.ppt,1461.5,1.43,12,780,65.0,.ppt
264,GY55O4WHXUVFI4OURJUCUT52MHKIWJYP.ppt,81.5,0.08,2,40,20.0,.ppt
265,GZTFZHZR367SYAPK3QCRJREH5IPYWANW.ppt,724.5,0.71,9,405,45.0,.ppt
266,H2HSFNFUJJON3KXETDSZRA3CVN2FXZQY.ppt,2588.5,2.53,21,1365,65.0,.ppt
267,H3TECWGS24P2CVNGTQDTJLA4EFN3EEJL.ppt,2821.5,2.76,23,1495,65.0,.ppt
268,H4SG63RCAJQ4RFAPTEQAMSFWEN2SSLHA.ppt,5219.0,5.1,26,2340,90.0,.ppt
269,H4TBAHCLH3FCHWBNXRSSQ2R2AOTMNL5P.ppt,307.0,0.3,3,135,45.0,.ppt
270,H5MDHUPZ7KQHEPSTGPXZU5USNNGMVWBF.ppt,17765.0,17.35,88,7920,90.0,.ppt
271,H5PYI7CFVI3QUX7LVR2XRXINPU4OBSWH.ppt,201.5,0.2,6,120,20.0,.ppt
272,H6FQNCUIVMDWT4U5HIHV2SLY3C7DFOMR.ppt,814.5,0.8,10,450,45.0,.ppt
273,H72HQ4VXGQYJY6Q7T75CEVUQPTQSM2LG.ppt,102.0,0.1,3,60,20.0,.ppt
274,HGXZGRCCC24PU2WMFY5DQ4VJ2CYJOIKK.ppt,5690.0,5.56,28,2520,90.0,.ppt
275,HIR2STW3CGSC7CTPXQKMXSBCRAZIEW7I.ppt,2639.0,2.58,21,1365,65.0,.ppt
276,HKAIICXE4TQWFJZEJFALSBNNERA3F2JA.ppt,925.5,0.9,11,495,45.0,.ppt
277,HM5C3VZY7SO2S4ATIV3HR33FAGUGJZ3G.ppt,774.0,0.76,9,405,45.0,.ppt
278,HNPORBBZSODYUQSCKEF45HETZKNK33VZ.ppt,2031.5,1.98,16,1040,65.0,.ppt
279,HNQIHVSYRXBANL3U2F7L4BR7QW6WVUO4.ppt,252.0,0.25,8,160,20.0,.ppt
280,HNYLLCGXNCN7ATBW2E6FVNNMHHWRAM7X.ppt,333.5,0.33,4,180,45.0,.ppt
281,HOD2WTSXW53PINVE3TOQYONOV6VN5BHF.ppt,2179.5,2.13,18,1170,65.0,.ppt
282,HOU4ILT2Q57U7LDOLV3RHXFIF3FBL7GN.pptx,1073.28125,1.05,12,301,25.083333333333332,.pptx
283,HPPPZ6SB7E5I2KUWVM6CV5CCBI6JPVLM.ppt,1551.0,1.51,12,780,65.0,.ppt
284,HQBQXVHJGLYJ37HKLYPNJ4KE3QTNBIMH.ppt,490.5,0.48,6,270,45.0,.ppt
285,HRJ2Z64GGRAAVXLEV4ZXH4KWHMUIZVAQ.ppt,67.0,0.07,2,40,20.0,.ppt
286,HRLGKCWA6OEGFJZ4IPL3ESL7KRG5AETO.ppt,1586.0,1.55,13,845,65.0,.ppt
287,HSTSS3HAGZAZA6QZBL75V2Y73PXTQKWZ.ppt,4079.0,3.98,20,1800,90.0,.ppt
288,HTASFTUYER34SDMQIWVKVP7M3Q4GJTQT.ppt,1297.0,1.27,10,650,65.0,.ppt
289,HXA3TKI7CEYRY64FSBE5B6SL6RSKXEOQ.ppt,94.5,0.09,3,60,20.0,.ppt
290,HYXDTVXL7GFPSKGHH2LDC6NE3AEVV6EY.ppt,237.5,0.23,7,140,20.0,.ppt
291,HZ3E3SI4FWJDPSJGWZGKXMXQCL2NEOVQ.ppsx,1389.744140625,1.36,13,585,45.0,.ppsx
292,I4KRYYV5VSRDTYC6QRQMZHFSSCZT7DKD.ppt,3301.5,3.22,16,1440,90.0,.ppt
293,I4XBNA2NJI5CTMECXPVLH4ZTEVSMJIKN.ppt,5763.5,5.63,28,2520,90.0,.ppt
294,I6FZFUHIFWJL7BICIY6TWOKAM2WLSRHE.ppt,2178.0,2.13,18,1170,65.0,.ppt
295,IAAMR7JXFHXVGN7ODNYZR7ZHM4ORC67O.ppt,303.0,0.3,3,135,45.0,.ppt
296,IAJWTMUI4ZLAL45JHLCCDPLFHN3H2BNN.ppt,9810.0,9.58,49,4410,90.0,.ppt
297,IB3HBX2KNH6OGU5IC7QZH22422URL65S.ppt,550.5,0.54,6,270,45.0,.ppt
298,IBQ4NUY6QIJTX2L4OKPNNMBQDWWFXYRX.ppt,1044.5,1.02,8,520,65.0,.ppt
299,IDRPHBMD73TZ3ILJSECINSHXPA4AGJGL.pot,586.5,0.57,7,315,45.0,.pot
300,IE2ET6SFFDFCUGYCCHKAJSMQO6RW75V5.ppt,418.0,0.41,5,225,45.0,.ppt
301,IFXTQGI7VCXIJAAKVW3AWQC5H3HLSX7Z.ppt,11926.0,11.65,59,5310,90.0,.ppt
302,IIRKPQW4Y6RHLQMYGREOOXFFUOZKTUUZ.ppt,6295.5,6.15,31,2790,90.0,.ppt
303,ILSHYDJXEKSOPS5AMIP4PZCL37CCIMJZ.ppt,282.5,0.28,9,180,20.0,.ppt
304,IMK4VKLSWQACJEW7L76BVN6RMMX75XFW.ppt,67.5,0.07,2,40,20.0,.ppt
305,IMXBRGO4CKTMHXE3O3L6FILLYOR5PHBC.ppt,298.5,0.29,3,135,45.0,.ppt
306,IMYD5BBY4VRTJW4YUJI6Y6IZ3XWL2VYK.ppt,1129.0,1.1,9,585,65.0,.ppt
307,INCMNPKFHIEL25OEFPUGA344QKKIYZRU.ppt,172.0,0.17,5,100,20.0,.ppt
308,IPS2ZJQ3CB3PEVDPDTE6WM3QLUDJWJGI.ppt,570.5,0.56,7,315,45.0,.ppt
309,IR7GXBGREVUTKGGODYQE2AYTDHD6JOPX.ppt,52.5,0.05,1,20,20.0,.ppt
310,ISHLXSFO72XOV4C3M5WZ6UTLPB6MS6HU.ppt,49.5,0.05,1,20,20.0,.ppt
311,IU4JSDWSUVWXUORJQFFUW364WDBINUGA.ppt,73.5,0.07,2,40,20.0,.ppt
312,IUATAPYMCEC4IIPEEN34GC6WF3UDL6SF.ppt,10649.5,10.4,53,4770,90.0,.ppt
313,J2FZKM2MEQ65ILKOTTV454IVEQBCMZVK.ppt,1234.5,1.21,10,650,65.0,.ppt
314,J2JV3NB3PC3RW5BKAWJXGDX3Z5RERYN4.ppt,187.0,0.18,6,120,20.0,.ppt
315,J5MIVEV7VQ67KOKEFR3GHUSM77TFSS6X.ppt,9490.5,9.27,47,4230,90.0,.ppt
316,J75JYUSPQO4B5CWNRWUIZKKJRLLUHUTH.ppt,48.5,0.05,1,20,20.0,.ppt
317,J7VMZQ7HDEC6HCXGJ2G6C27CQOMZK55D.ppt,618.5,0.6,7,315,45.0,.ppt
318,JBHOMFHJKW5ATC2T4AWLLKNIY7ZTTLJ3.ppt,1596.5,1.56,13,845,65.0,.ppt
319,JBTAUX3XQDVB5KHRLFMDTAO2OIJSBZST.ppt,65.5,0.06,2,40,20.0,.ppt
320,JEJGSCU7ZTQ5O37TMGUINWX25HRKXR6A.ppt,2415.5,2.36,20,1300,65.0,.ppt
321,JFLDTGW3AHQWBQHYGC4QGVXRWK7AVPX6.ppt,6924.5,6.76,34,3060,90.0,.ppt
322,JFS3RASWTUY5FP3WFJPXAEPL37DDVACG.ppt,1023.8046875,1.0,8,520,65.0,.ppt
323,JGF2VBWIIIT537I6XUFVLYCNBHL647EL.ppt,2148.0,2.1,17,1105,65.0,.ppt
324,JGRMFA6E6WQ53TNAMFKKAXHYPRISV64I.ppt,112.5,0.11,3,60,20.0,.ppt
325,JHJ77GXXCCYLPR4XIX6FR4WPUNM2UGDA.ppt,57.5,0.06,1,20,20.0,.ppt
326,JHS7KDLLULV3ZHYUHCWEUMFI7NLIFFPQ.ppt,4543.0,4.44,22,1980,90.0,.ppt
327,JHYJZ4RGLWGH56YGSUS7KDX6IH6H7LVS.ppt,113.5,0.11,3,60,20.0,.ppt
328,JI4KU4JZXPTALO7K2GWQ7ORFV675ICR2.ppt,4620.0,4.51,23,2070,90.0,.ppt
329,JIEGNZQIPS3MCDZSYUZODX63FYYFC3ID.ppt,754.5,0.74,9,405,45.0,.ppt
330,JKY5G4AXEPJP5XOC56BAQAH4WQEBQL7S.ppt,241.5,0.24,8,160,20.0,.ppt
331,JL26G4ABO6ZJQHH5WHIZOURHS2O6EANV.ppt,4069.5,3.97,20,1800,90.0,.ppt
332,JNARHAJTUBFJLXEOVB6JWDREYIIWV2BF.ppt,7619.0,7.44,38,3420,90.0,.ppt
333,JOYHC3SD5OOEI3VRNMKP4A2Q2FRIKAEU.ppt,3055.5,2.98,25,1625,65.0,.ppt
334,JS76BTCMLB4GH2TTV5LTGYSDBM5GIL2E.ppt,80.5,0.08,2,40,20.0,.ppt
335,JSZTITMXTG5XGLGMIOZJHUXHP4RBXR7B.ppt,2694.0,2.63,22,1430,65.0,.ppt
336,JTJCBDSPFSAPARWGUCE5IWVJWUNYFNAC.ppt,437.0,0.43,5,225,45.0,.ppt
337,JV6SSADLI6WDLW2QUDDXXKDLG3SQGN6V.ppt,2123.5,2.07,17,1105,65.0,.ppt
338,JVFL6SETZ5OAFVBFWV3GNFBILEFX3ANU.ppt,979.5,0.96,8,520,65.0,.ppt
339,JVQ3THPVDO5QMMNK5UVQDIQVW577SRV2.ppt,414.0,0.4,5,225,45.0,.ppt
340,JVTZTKGRUTRUHG2KG45VBXDQCYQ5YFW6.ppt,137.5,0.13,4,80,20.0,.ppt
341,JXKYURBGE63Q63IMTSJPONDQYS6D7MCQ.ppt,1023.8115234375,1.0,8,520,65.0,.ppt
342,JYIENFDHBMZ5BHGD7NSRYEAJN5YRXFWJ.ppt,99812.5,97.47,499,44910,90.0,.ppt
343,K2JDIIZJZSALXEGYIBZAJB5NLEEB5E2E.ppt,42.5,0.04,1,20,20.0,.ppt
344,K46MZMNWQ3THUYVWBXRO2ZHLFI5ZPMNE.ppt,248.5,0.24,8,160,20.0,.ppt
345,K47NZDVWMJ67HUOAYMPFA26JRZDGFAIV.ppt,505.0,0.49,6,270,45.0,.ppt
346,K4NAEX3UAI4CCRMJJP3NEIK7SJFJF7JE.ppt,1407.0,1.37,11,715,65.0,.ppt
347,K6NS37SUYZTXGRVHV3ICUJOFQD74RW6N.ppt,360.0,0.35,4,180,45.0,.ppt
348,KALPM77ZLW247ARIWFRQYG5C4TWISARI.ppt,55.0,0.05,1,20,20.0,.ppt
349,KBAAF6ERTF65O4WGZV4O7O7SMV5OVA3Q.ppt,69.5,0.07,2,40,20.0,.ppt
350,KDBPF6PJCBK2BEIYC2L5I33THZMINFML.ppt,52.5,0.05,1,20,20.0,.ppt
351,KDMC2OIGUUDMXO4XLTVEEIT66NJARF5N.ppt,114.0,0.11,3,60,20.0,.ppt
352,KEJDVCBR3NCPW56WARYZYVQOURQHEOYU.ppt,57.5,0.06,1,20,20.0,.ppt
353,KELQBVLEGRNHQ73WGNJTF4YH5LUO5IWD.ppt,356.8955078125,0.35,4,180,45.0,.ppt
354,KGLL4YQRUG56OJL2OTTDIYM47F3I5B72.ppt,886.5,0.87,11,495,45.0,.ppt
355,KH3CJUHSO4FO64JFYDZPLWR6YOY6JVRH.ppt,18351.0,17.92,91,8190,90.0,.ppt
356,KIV5JFFRBFNPGCNACIVUTW2IEYOYDMQF.ppt,611.5,0.6,7,315,45.0,.ppt
357,KJKFV6JH333DQFA2H6QYZIP4TA6RZNBU.ppt,3316.5,3.24,16,1440,90.0,.ppt
358,KJN6Y42WZUBFPKGRUNP2E4KSIROKLK7Z.ppt,100.5,0.1,3,60,20.0,.ppt
359,KKTH7YY77KX6KLHA26ZTSZLWI7TTEPVA.ppt,17888.5,17.47,89,8010,90.0,.ppt
360,KKUE6QTWSPMPS6HHZABHZB36UMFV25D4.ppt,359.0,0.35,4,180,45.0,.ppt
361,KMYPZJ4YMMYOTMEWNBIZN36XTBVXZNWT.ppt,76.5,0.07,2,40,20.0,.ppt
362,KN5MJRE2AWFTVUZMEH2GMH75TSXUY2D7.pptm,729.92578125,0.71,27,1255,46.48148148148148,.pptm
363,KNTS76YJFFA52FZ5LRMY7JLM45OPDKMR.ppt,707.0,0.69,8,360,45.0,.ppt
364,KQM3KAATCSMTYFAW3XW2XTO3A6NR6DLI.ppt,1306.5,1.28,10,650,65.0,.ppt
365,KTW76FACPIHVRNG33T6E2MS3SHG2ZFUH.ppt,51.5,0.05,1,20,20.0,.ppt
366,KU27HRHGY44T2FOI6J4P5CCSEPDNHSX2.ppt,654.0,0.64,8,360,45.0,.ppt
367,KUXX2OV3WMGIWN5PATETBJG6JEQPUQAG.ppt,11178.5,10.92,55,4950,90.0,.ppt
368,KUZFV37NEXLLD5CNSQ6U4SSV4ZCT4YYW.ppt,1905.0,1.86,15,975,65.0,.ppt
369,KVOC7TWR63IYG52ZHFDWHIRRZ3YWYOR3.ppt,1497.0,1.46,12,780,65.0,.ppt
370,KYMKV6FQIP3PISGIR5G3SGDRQCSSPF4X.ppt,96.0,0.09,3,60,20.0,.ppt
371,KYXCPDNOLPQE5SGQFLEOHIDUFLGDHGFP.ppt,34.0,0.03,1,20,20.0,.ppt
372,L2NDQAW6GJROSHSBSGGOUWFJ2OOYIMNV.ppt,2895.5,2.83,24,1560,65.0,.ppt
373,L3AU74FBILKQFKLQEM7CF3NRYRP5H4KK.ppt,2822.5,2.76,23,1495,65.0,.ppt
374,L67CFKKSQBBAYJE4ICVGHE5IYPQX74OD.ppt,51.5,0.05,1,20,20.0,.ppt
375,L6QV233DOU5MMVGWXFUVODTAEXIWKWF7.pps,4707.5,4.6,23,2070,90.0,.pps
376,LA2AWSF45GF2HASL3C4MKLF2HBZFDVF4.ppt,2213.0,2.16,18,1170,65.0,.ppt
377,LAHSPAI23UC27MJPR7IHBTGP3PJREJBZ.ppt,137.5,0.13,4,80,20.0,.ppt
378,LALIDBHA2LIF6YCHRI5YLUDXUFT24CTO.ppt,2226.4228515625,2.17,18,1170,65.0,.ppt
379,LAUXIG267A76D6DNLOHRELACTJPNXTGF.ppt,326.0,0.32,4,180,45.0,.ppt
380,LBK2HLRL3MPK5ZMSITFINLTEQBFAROY2.ppt,19688.5,19.23,98,8820,90.0,.ppt
381,LBUEMSDI5UTQQEC5LWCHU4HCQNIF3TAX.ppt,582.0,0.57,7,315,45.0,.ppt
382,LFLW6DD7QX7GO5D7YVR4A4JUR5Y5YQBN.ppt,6267.0,6.12,31,2790,90.0,.ppt
383,LHKZQ3FN23LZHE4T5LQM5AGC7PWYUJGT.ppt,486.0,0.47,6,270,45.0,.ppt
384,LKVRLCPKBMUCB7VJHWIXTH2MQP7Y6RQL.ppt,502.0,0.49,6,270,45.0,.ppt
385,LL7WK32E2LXNJAO2FBQ4P2KEKSJ2Y4WR.ppt,505.5,0.49,6,270,45.0,.ppt
386,LLKT5SUN63ZPH6UINCVIX2W5YWLPIKGM.ppt,3548.5,3.47,17,1530,90.0,.ppt
387,LLQOPGXSJSFRKGCT4ZHWEMXASTRSE7BT.ppt,18.0,0.02,1,20,20.0,.ppt
388,LNY5JCHU4TALS24UXPCUJYQ55CAFVHEZ.ppt,692.5,0.68,8,360,45.0,.ppt
389,LO4XZST45YC3HTBWZVPRGQXIF36SFHSN.ppt,79.0,0.08,2,40,20.0,.ppt
390,LO5CCBUJUEYL4NV2BPLY6SKOZXHZ72NW.ppt,40871.984375,39.91,204,18360,90.0,.ppt
391,LOPQD3OSKCN3QYFOGKPHF7Q6LH7WIRS4.ppt,4126.5,4.03,20,1800,90.0,.ppt
392,LRDM3A37ZPCLICPRKP64SJ6ZXCCRHUBY.ppt,131.5,0.13,4,80,20.0,.ppt
393,LTLWMACP6LN4ZWF7ZRM5USR7XXEMCDF3.ppt,29428.0,28.74,147,13230,90.0,.ppt
394,LUURYU5HSTNYHXB62PZZXFOSP7RBMVD7.ppt,5885.5,5.75,29,2610,90.0,.ppt
395,LUZ33LDNBESRIOHNOVZD3DNVGU7WBXZZ.ppt,1085.5,1.06,9,585,65.0,.ppt
396,LVFNN6VJW5BQAJASA5TLMGEXPWA6HANV.ppt,3963.0,3.87,19,1710,90.0,.ppt
397,M2GX7UZQAYX3PKF2FW3D7HIC6HWU5ZEY.ppt,604.0,0.59,7,315,45.0,.ppt
398,M2SBMG5M43T46PZJGV3ATVU3AZ2PEJHH.ppt,1775.5,1.73,14,910,65.0,.ppt
399,M34KWV3XON7KD2X65NMMPHKM3ZSKQEZ3.ppt,115.0,0.11,3,60,20.0,.ppt
400,M3OMROEF6X7M4MDXOAC33HVUJ6LQPVQ3.ppt,13641.5,13.32,68,6120,90.0,.ppt
401,M3P57TAF2ZNKJCUEUJVZHRI6HFFG77JB.ppt,242.5,0.24,8,160,20.0,.ppt
402,M7KDD5AN6453ZKH2JF673JA7NRSQ75FI.ppt,5423.0,5.3,27,2430,90.0,.ppt
403,MA3EOPXBOSCHXDA3OBDGC273NVBAI3N7.ppt,185.5,0.18,6,120,20.0,.ppt
404,MB74G3JWYYKJNMU32SR6NE5LNSZRSKXI.ppt,837.5,0.82,10,450,45.0,.ppt
405,MDAST7IGLC265OOAENERICKFU73QEODE.ppt,3227.0,3.15,16,1440,90.0,.ppt
406,MELSUUM6BYIU53B4TA3NPNAFL2EHAUEE.ppt,295.5,0.29,9,180,20.0,.ppt
407,MHCZTSXYQDJE3Z6SN7SXERSO63VU3CGK.ppt,2008.5,1.96,16,1040,65.0,.ppt
408,MI2T4UJIIKFKD2Q5B26EMZXQOJHBYKRC.ppt,1995.5,1.95,16,1040,65.0,.ppt
409,MLWGJZPE4TNOXSFJROMCOZFVDTKEBQ3I.ppt,4357.0,4.25,21,1890,90.0,.ppt
410,MMA66PPY3QVC4JPUWT3MLX65FX32U42G.ppt,60.0,0.06,2,40,20.0,.ppt
411,MNHDZKRIJRWUN6HL5JKYK6VKH5TIPCAL.ppt,117.0,0.11,3,60,20.0,.ppt
412,MNT3NT3T3DWSYFYIVT5D26RZLY5GSV2E.ppt,346.0,0.34,4,180,45.0,.ppt
413,MPHR5YR3T4AJQCPF7EMPHQ4XI7JCPJD4.ppt,107.5,0.1,3,60,20.0,.ppt
414,MPRAWDCZSE26Z7ZVTCSTDK6CSYQEO6OR.pps,60.5,0.06,2,40,20.0,.pps
415,MPZBUVWQN3KISZISWHYHJPPWQHDEVVE2.ppt,17178.5,16.78,85,7650,90.0,.ppt
416,MQUT7MOK7EKF4VVRZJ4IYX4BQPDKYJWD.ppt,290.0,0.28,9,180,20.0,.ppt
417,MSLHHDOBK67WGIMWI67T2HA7YBJIBELH.ppt,486.0,0.47,6,270,45.0,.ppt
418,MSV7H4GEVOYZVWWCQ7G4OQHETTRFL6XC.ppt,9531.5,9.31,47,4230,90.0,.ppt
419,MSY3GQLCQPQO2NTKPBTL2HPWBS7KAYEB.ppt,712.0,0.7,8,360,45.0,.ppt
420,MY3YECR56OVUMSEOSWXL7PW3OBITNUKU.ppt,1609.0,1.57,13,845,65.0,.ppt
421,MY5EPTGFGMMZEBLLSWA6DDXQHAZ6AA6X.ppt,699.0,0.68,8,360,45.0,.ppt
422,MYFJP6HCWUXN667WHOPO3OZ4LHC2LTKK.ppt,10361.0,10.12,51,4590,90.0,.ppt
423,MYOJPSHXIUQ6ZGXRNSLFW3Z6HT655KYL.ppt,3882.5,3.79,19,1710,90.0,.ppt
424,MZCX35RFVV46HYVNTJG7F6X2U6UH5MZW.ppt,3872.0,3.78,19,1710,90.0,.ppt
425,N3AI4NI66F7VHBCJ2ZYBUPND5MG3LJ7V.ppt,3533.5,3.45,17,1530,90.0,.ppt
426,N3HKDPYWDBURBNKC2T2WLY5MTJY5GYQF.ppt,181.0,0.18,6,120,20.0,.ppt
427,N42GXANXKSWFJHNEGAICQIKB5ZNCHV2D.ppt,56.5,0.06,1,20,20.0,.ppt
428,N4B5PTDKRPTIZSSTGMDKP3B3D2B4UVWD.ppt,19.5,0.02,1,20,20.0,.ppt
429,N4UZKZJMD7UYDMOJ6MYALUXB7HPBLQPQ.ppt,1134.0,1.11,9,585,65.0,.ppt
430,NAFZO464AJDAKAAE3UG56WBZMPLMRIY5.ppt,4070.0,3.97,20,1800,90.0,.ppt
431,NBTGWP2ZIEBGZCNWDYU7JR6XLAA5LFJM.ppt,56.5,0.06,1,20,20.0,.ppt
432,NC7JANTVU4BWGRMFCJIK5J4AM63OXT46.ppt,505.0,0.49,6,270,45.0,.ppt
433,NFQANGT2SOUJMXVAOVATZOJUYEC5ISJG.ppt,432.0,0.42,5,225,45.0,.ppt
434,NHD45RERHGZMBYLD6GIAV5V75C7YAPML.pps,198.5,0.19,6,120,20.0,.pps
435,NHEJOKUDDVGG2XMX6WZOZPTT732FA2BS.ppt,608.0,0.59,7,315,45.0,.ppt
436,NJUIE4RENG4JW6IN7N62GCH6SWAJ3ICQ.ppt,19227.5,18.78,96,8640,90.0,.ppt
437,NK67YCSJIXICCRV4VULPYZLW6PU54X7I.ppt,11683.0,11.41,58,5220,90.0,.ppt
438,NLHPJU2RVDHTHFJ3YP3PPMKL4L565PKS.ppt,207.3828125,0.2,6,120,20.0,.ppt
439,NMDIMUJNKDWHD3T35GC24A72LJEBICZ4.ppt,615.0,0.6,7,315,45.0,.ppt
440,NOWKDG4T3TMTHWDCBBOQ5YUKTJWD2COG.ppt,1558.0,1.52,12,780,65.0,.ppt
441,NOWWZ3NAAWO4BPKCKSZN5NTAO4LKHNE6.ppt,776.0,0.76,9,405,45.0,.ppt
442,NQFHTH3TNHGQATINDHQAU46T4KBAHIEU.ppt,1898.0,1.85,15,975,65.0,.ppt
443,NREXBUZF6POKVO5BGDN27TCCIGMWMNHT.pps,2514.0,2.46,20,1300,65.0,.pps
444,NRT7TJXIC4JZ6C34GWURNWQ7Y6KJKTQN.ppt,458.5,0.45,5,225,45.0,.ppt
445,NVOFAODLQ44HDY6LGVYTRES45ODZORBT.ppt,13890.5,13.56,69,6210,90.0,.ppt
446,NXPWY77B4XJ7X5QTJQS27DQMRD2CDUGG.ppt,16.0,0.02,1,20,20.0,.ppt
447,NYFHB7NFCTYMXHDZ52KQR3ELINM67YR4.ppt,5357.5,5.23,26,2340,90.0,.ppt
448,NYIBJYS3SX6WRODSKKHYADUUDL23NWLC.ppt,80.0,0.08,2,40,20.0,.ppt
449,NZIPQSCSXY3RTVRV47KDU67VS5OE2527.ppt,2963.5,2.89,24,1560,65.0,.ppt
450,NZPSYVCAIUJQKKU36ATGFSKUYYYZBRHI.ppt,197.5,0.19,6,120,20.0,.ppt
451,O2GDYOKDVHQ33SZATNRSENVY6U66CVWK.ppt,7511.5,7.34,37,3330,90.0,.ppt
452,O3BJ4RYJL3WSNX2MMEKIKOCWIYPSMBPC.ppt,513.5,0.5,6,270,45.0,.ppt
453,O46SLJDB3Q5P3HDHE6MCNPEHWJMODI5I.ppt,1052.5,1.03,8,520,65.0,.ppt
454,O4POW6WMZ2HSCA2SPCPDIMLA2BH37ROI.ppt,966.0,0.94,8,520,65.0,.ppt
455,OBXODVYLR7DRDVAHKLTZHPSLYCK3IRS7.ppt,1140.5,1.11,9,585,65.0,.ppt
456,OCP2A37YZOIPFPM3YFWP5CV3MRGQ5YEL.pptx,185.2021484375,0.18,6,216,36.0,.pptx
457,ODXFZ6LH52GNMZU5G7HDB7IX3TROZR45.ppt,933.0,0.91,11,495,45.0,.ppt
458,OE3I3Z3GRK55LJN7SUWIRKULTWMOAERS.ppt,78.0,0.08,2,40,20.0,.ppt
459,OE6R7LVRWLKTP5V4ASM2BIX5LIU5AHSD.ppt,471.5,0.46,5,225,45.0,.ppt
460,OEMQB4NQJSKBGZLQTYJKVP46KN7LOL4Z.ppt,61.017578125,0.06,2,40,20.0,.ppt
461,OF6MFIJAWHV3YIVAKNFDSLOHG45BKEQI.ppt,223.5,0.22,7,140,20.0,.ppt
462,OL2O7OX5B2CNFNWCB722RSQDVN7U5ZFN.ppsx,10236.5830078125,10.0,102,4590,45.0,.ppsx
463,OLUKHFUUPBPWF3EVTMRODK5SDPMDJ22U.ppt,2371.5,2.32,19,1235,65.0,.ppt
464,OP5QQXMQW7QOH3UYHK6VJE7BJ7AELNVM.ppt,1626.5,1.59,13,845,65.0,.ppt
465,OPZRMJJ6HS3Y2Z7JTBUBU357D4SF5KGI.ppt,4193.5,4.1,20,1800,90.0,.ppt
466,OSESBZQ42F72AP6HYH7KE4MMALTXLM66.ppt,1074.0,1.05,8,520,65.0,.ppt
467,OSQLGPTQLXMFHE2JFRCNRZGDMA5SBR5C.ppt,932.5,0.91,11,495,45.0,.ppt
468,OTKO3AHCLEL6WZAQAW3KGXNINSGTDZKM.ppt,72355.25,70.66,361,32490,90.0,.ppt
469,OTOPKKKP54LNKPJ4GQVENZHAZXUJW3GE.ppt,6946.5,6.78,34,3060,90.0,.ppt
470,OUVGH32IVKEUZGTQ7OSNKKXFB5BPIVOT.ppt,229.5,0.22,7,140,20.0,.ppt
471,OVTKHZHRYZP7YL2GGRSC57VUYDRYJH2G.ppt,380.5,0.37,4,180,45.0,.ppt
472,OZYY743QA32XM7GZLJYOGPIATN7RZIEX.ppt,1051.5,1.03,8,520,65.0,.ppt
473,P2SY3PMTE3NRIHGWCCW6MJSA2D3C4NOW.ppt,3435.0,3.35,17,1530,90.0,.ppt
474,P3723XOUDUAC2GVNGDQY2NEJDR2BJXAR.ppt,366.0,0.36,4,180,45.0,.ppt
475,P3V7SYN6DD5SHP2LL2WGQ5HM6MUYP6EE.ppt,534.5,0.52,6,270,45.0,.ppt
476,P52XT7FQVU3HAZFKODSHMPEJQEZLV35T.ppt,48701.0,47.56,243,21870,90.0,.ppt
477,P5RZSMRYMZOOKYC27MXBPTPXAZYRGGTW.ppt,339.0,0.33,4,180,45.0,.ppt
478,P6QV6ZHUYFQTYIU7OM2RRK6A2CUB6GJS.ppt,1650.0,1.61,13,845,65.0,.ppt
479,P6YNSUAX5XX3ZN6QAR3WYFUCUIO7QCHC.ppt,2357.0,2.3,19,1235,65.0,.ppt
480,P75TN5WKUTHZUD5TKJJEIN2CTJYBF4SV.ppt,1229.0,1.2,10,650,65.0,.ppt
481,PASRENDEHQURXKYRMXJNQOK44A7UMSZV.ppt,2500.5,2.44,20,1300,65.0,.ppt
482,PBUT4OH6E3BCA6T2UGFR5WL6CII7SFOA.ppt,440.0,0.43,5,225,45.0,.ppt
483,PGAL4GRCGXARNDYVWDEORSEQ3XFWUPMV.ppt,30.5,0.03,1,20,20.0,.ppt
484,PJKUHQO2KQ7L4LPB5MX56ZNH3NWAQNRQ.ppt,46.5,0.05,1,20,20.0,.ppt
485,PK7KHQFBWWP3GNV2JILTAZAXYRHEOQP3.ppt,1074.0,1.05,8,520,65.0,.ppt
486,PKSKZEHVYUSJLH562T5DJPI3SA2POJ24.ppt,357.34765625,0.35,4,180,45.0,.ppt
487,PL4IQ6ALZVQR3WAF3AOCCOOB6J2LSLSZ.ppt,6737.0,6.58,33,2970,90.0,.ppt
488,PLASEZQRIU6TP4K74WKC4WKTJSKO4EYQ.ppt,255.0,0.25,8,160,20.0,.ppt
489,PMHPIKKMK24WBJUABZSPTJE552TKPMGP.ppt,3169.5,3.1,15,1350,90.0,.ppt
490,PMQC664YYGB46IAXQUK6JCW4YKU7KCA3.ppt,15893.5,15.52,79,7110,90.0,.ppt
491,PPPQ5TSU67HHF4NDSF3EEZI5FEV2UXEX.ppt,1644.5,1.61,13,845,65.0,.ppt
492,PR7TDPAVNCCDAVLZ7GRXX4Q2OZCYITDD.ppt,1191.0,1.16,9,585,65.0,.ppt
493,PUGQ7GLCDNVF2ZIYVU5WBGZ6S5XTVFY3.ppt,1774.0,1.73,14,910,65.0,.ppt
494,PWU7OZEEMXBBLMVIV3D3GMBYEXNPQWJS.ppt,1095.5,1.07,9,585,65.0,.ppt
495,PXCTKC4BN6UBISZLRT7IBPXYWEZJ24K2.ppt,611.5,0.6,7,315,45.0,.ppt
496,PXYV5KLJ3KPW6FZ5YG7H4JTITUIMMEZQ.ppt,3178.0,3.1,15,1350,90.0,.ppt
497,PZEFNNWB4KAJOWY2LJU5EUTECK345QD6.ppt,821.0,0.8,10,450,45.0,.ppt
498,PZUZYMGQTDNUF2BDFNZUX4H3FO6R2KY7.ppt,1023.6923828125,1.0,8,520,65.0,.ppt
499,Q3UNJLTL6ZT26O2NUHY7VMZL2KZT5HVS.ppt,4970.5,4.85,24,2160,90.0,.ppt
500,Q6F262KMMGHSX6Q5GRRD4PWQFK352O7C.ppt,462.5,0.45,5,225,45.0,.ppt
501,Q6PLDDFHO2GTOYAGXL6OEFPYZ2Q7QTAL.ppt,3059.0,2.99,25,1625,65.0,.ppt
502,QAM362PE5WYBMKIPRPGFCIQ7IZK4V67S.ppt,2913.0,2.84,24,1560,65.0,.ppt
503,QDKTFTBEPPCXJL3THALQJDGYNDAJB73F.ppt,718.5,0.7,8,360,45.0,.ppt
504,QDYIERWKFGI6FL37URO5NAB3TYLIGCAF.ppt,1268.5,1.24,10,650,65.0,.ppt
505,QJDDKYKSQZYPR7BQJORF5GQH3VZYVKV2.ppt,1346.0,1.31,11,715,65.0,.ppt
506,QKO66KTYCFXJUAQH47PAIZON7GYHKXOL.ppt,3197.0,3.12,15,1350,90.0,.ppt
507,QMEKDOTD4LWKW36DCRWNV455VJDMLVAU.ppt,4554.125,4.45,22,1980,90.0,.ppt
508,QMLYLJIKWIDKC65EFUCTFEE242HLXZH2.ppt,112.5,0.11,3,60,20.0,.ppt
509,QO2AS5SKY3LVGNDCRHC4VLLUNS4PR6GP.ppt,9145.5,8.93,45,4050,90.0,.ppt
510,QQJHEZ47XB3A2NX73C5NLGYOND22RMZZ.ppt,106.5,0.1,3,60,20.0,.ppt
511,QQOGSVMK4B5OCTF562NYEJEDIDGKDRWX.ppt,28692.5,28.02,143,12870,90.0,.ppt
512,QTVUKCQGCVWXZQD64P7CUVHLIH4JHRPN.ppt,494.0,0.48,6,270,45.0,.ppt
513,QTZSVXQDRZO7WTLOAJH35XHAZ25RULO4.ppt,54.5,0.05,1,20,20.0,.ppt
514,QYFNGXABKOGBU4OP7RNCH32PWNJ5M4FD.ppt,823.5,0.8,10,450,45.0,.ppt
515,QYFNJ7IBYXMXFRWXBGJT23X2WJPEORO6.ppt,14029.5,13.7,70,6300,90.0,.ppt
516,QZKOK2PKGNHCUYNYTNUYV6RTL5TRXX76.ppt,392.0,0.38,4,180,45.0,.ppt
517,QZWS3Z7LI5XQZWGM7DNSURLW7MWTMECD.ppt,359.5,0.35,4,180,45.0,.ppt
518,R24KLSE7EC7LFVAIFK6MOV2P4E7EHIBL.ppt,1421.0,1.39,11,715,65.0,.ppt
519,R4SU5F6GGL4LNJTGPPGGWRS546QPSI5H.ppt,5981.0,5.84,29,2610,90.0,.ppt
520,R76PUEDX55HEJWZZLYEZCSF4TKLB2HTU.ppt,341.0,0.33,4,180,45.0,.ppt
521,RCWUEOUGDIYXBFCRHJEJ4VO6GKGRXCJE.ppt,689.0,0.67,8,360,45.0,.ppt
522,RG5LCBTRKRBCRVN57ZZPGN4J4COCTF5Y.ppt,432.5,0.42,5,225,45.0,.ppt
523,RNJPC5IWECX5EPEV6S3GIMFWM2LCTVT4.ppt,3720.5,3.63,18,1620,90.0,.ppt
524,RPCOCPOR46X4KS7AQ7CEOPYYVI54GJ3G.ppt,19660.0,19.2,98,8820,90.0,.ppt
525,RRRX6FYWJZT6QEDFSFYEM6GXDTJ6H4Q7.ppt,729.5,0.71,9,405,45.0,.ppt
526,RSKLPQWUYHJBZEAEUEV4366A57PVTTSK.ppt,667.0,0.65,8,360,45.0,.ppt
527,RVFVTUJ5SJQBKRGHSO52THHIRS7KTD4G.ppt,4360.0,4.26,21,1890,90.0,.ppt
528,RWP5SPWWM3U2HCNSVHAEUCXFKK62EEQA.ppt,5496.5,5.37,27,2430,90.0,.ppt
529,RZOZXZCCQIUQAOO4JJJOTEIDQKHLV5VG.ppt,15051.5,14.7,75,6750,90.0,.ppt
530,S26LTSW6NKXP6KVOH2M5GZMJK6VPJMGB.ppt,813.0,0.79,10,450,45.0,.ppt
531,S4AXSXFOFL2EJKIAFNQE6UT3QDG5WIMJ.ppt,27.0,0.03,1,20,20.0,.ppt
532,S5BCQ7JZ2DUAKJ75QMGWBKRGUI7RBUIB.ppt,2613.5,2.55,21,1365,65.0,.ppt
533,S5INVS5SMMW4J2WFFFJ73VVTAJBXQRPX.ppt,6225.0,6.08,31,2790,90.0,.ppt
534,S5VJANJ6SQXGB3ALYBQ6R73SEPDNZKCX.ppt,447.0,0.44,5,225,45.0,.ppt
535,S7F5TLMIISGYBTHRZL4X6KF2RD7L6F54.ppt,104.0,0.1,3,60,20.0,.ppt
536,SCREYUYFEAZJ5TVT54ZFNB6E4IUHJKMR.ppt,951.0,0.93,7,455,65.0,.ppt
537,SD65NCJJYOUGKZJK5QIZDPR6FNLFSUUF.ppt,25113.0,24.52,125,11250,90.0,.ppt
538,SFJYFBZWXE5C5MR5OXLQMHRZHAE3D43N.ppt,87.5,0.09,2,40,20.0,.ppt
539,SHNAQSROKJ76FUILIPGVF4NWLG3YNFGK.ppt,758.5,0.74,9,405,45.0,.ppt
540,SIDGNLU6SDF46PE4ZUFVJM54QOPACWTO.ppt,10299.0,10.06,51,4590,90.0,.ppt
541,SMRPIU7AEPB5Q2RF2KR267VUPH35JBJP.ppt,1947.0,1.9,16,1040,65.0,.ppt
542,SNNRQD4ENWFOOH6FMATBRW77KNMOJEZ3.pps,519.5,0.51,6,270,45.0,.pps
543,SNY45RDSVWTFVDQJ4QUE3DT3SZG2TN7A.ppt,220.5,0.22,7,140,20.0,.ppt
544,SOH43KZ26MREJB6QI2UPSMBR6TWQUF4Y.ppt,81.5,0.08,2,40,20.0,.ppt
545,SQKW3BZ2TFOLTAR2DQACCE6B5WFSLGPH.ppt,79.0,0.08,2,40,20.0,.ppt
546,SQPU5TWWYASQTXQV45FDW33ZUBKCDPM6.ppt,97121.5,94.85,485,43650,90.0,.ppt
547,SQRFD3INGE2YRQVVKKE5CV4QSWMSJ2CS.ppt,88.5,0.09,2,40,20.0,.ppt
548,SSIC6ZSPIV33U33B6CP7XAPBNBZDSLEC.ppt,15508.0,15.14,77,6930,90.0,.ppt
549,ST77G4DSKF47Z7IPJGMQMSWAQJCH5ZKU.ppt,314.5,0.31,3,135,45.0,.ppt
550,SVW232FU37IBWM66WP53H3565XVDUEZI.ppt,1560.0,1.52,13,845,65.0,.ppt
551,SW4CVCZYUL4ZOWOT4IFA7NEGY2AOR3Q7.ppt,871.0,0.85,10,450,45.0,.ppt
552,SZZHQRRH5DQUDEWVAL3LLJZRHWHBLYQH.ppt,42.5,0.04,1,20,20.0,.ppt
553,T37V6KNVT7T6XJCJKNZLVMPAFATOYGNO.ppt,319.0,0.31,3,135,45.0,.ppt
554,T4GIMAP4HHX467ZMKAMJS6YKG3AUUQ2L.ppt,3672.0,3.59,18,1620,90.0,.ppt
555,T5QTXRR5F7N5SYI7RF3SYW73WW6BQBNQ.ppt,13375.0,13.06,66,5940,90.0,.ppt
556,T6KU4VIYSVLBPXEGGTY26RSH2YED2WKU.ppt,7405.5,7.23,37,3330,90.0,.ppt
557,T7CBPHB5CDGYBFDLHD3C7EMSJ6A23BNY.ppt,2798.5,2.73,23,1495,65.0,.ppt
558,TBQ5HCQLAUDGBYOAP7KZL6AWUQC5OQ4K.ppt,14908.0,14.56,74,6660,90.0,.ppt
559,TEDIZWBWBNEEMEG5IAEKVW5DHXJ7RPKI.ppt,1064.0,1.04,8,520,65.0,.ppt
560,TEIQWDZK3RPDWCNBNZFXKBTOXO3U2EJZ.ppt,70.5,0.07,2,40,20.0,.ppt
561,TF2F4DL7QOFULLRRTB73E74ZBKQZNEMC.ppt,768.0,0.75,9,405,45.0,.ppt
562,TFNGH4RB2CTHVON6I3W4DCQ6Q24RCHWS.ppt,698.0,0.68,8,360,45.0,.ppt
563,THXIJGHFJSACQEZAX4JXKXTBW7YT2CG3.ppt,8726.0,8.52,43,3870,90.0,.ppt
564,TIW3AL2PJKU5EPV4BHZ72FMOUXWXNQSZ.ppt,19.3291015625,0.02,1,20,20.0,.ppt
565,TJBMFYN5GHYTIU24JUFWNQCOAGSOOEFN.ppt,4777.5,4.67,23,2070,90.0,.ppt
566,TKBELEZAEWPLQIVS3XIJLSDHR2U6SQCT.ppt,5636.0,5.5,28,2520,90.0,.ppt
567,TNCJGFSI4VHDJRPFDFCJFH2VM3PGCYE7.ppt,431.0,0.42,5,225,45.0,.ppt
568,TNXC2TKXGFFQDVGNMEDF6SCTG3TNEBJ7.ppt,318.0,0.31,3,135,45.0,.ppt
569,TOB2ZZ6RG4HFOYSZSYREX2QDY2L6V7WJ.ppt,1023.7373046875,1.0,8,520,65.0,.ppt
570,TOZ4B6IVHIBFDLER2A77VQSSD7LS7UY7.ppt,8180.5,7.99,40,3600,90.0,.ppt
571,TQ4NWCURHNB7FGIK4BZIOSP5LILC4RXP.ppt,224.0,0.22,7,140,20.0,.ppt
572,TS44UWNTR3EQY4YHAA7YOB43ANQ4R636.ppt,4001.0,3.91,20,1800,90.0,.ppt
573,TSICV2ECH5G4YPVHLFATKOK2TRVIPJSN.ppt,1736.0,1.7,14,910,65.0,.ppt
574,TUEG2NTHKUOHUSDMQMI23QZQGOV7ZGND.ppt,4335.0,4.23,21,1890,90.0,.ppt
575,TUZQNZVOYSS2TQIQHYHQ3TA5MDNAHRTM.ppt,708.5,0.69,8,360,45.0,.ppt
576,TVFKQHOT6QZXCR7FJ7ITHVWVMUE2SAWV.ppt,3560.5,3.48,17,1530,90.0,.ppt
577,U2T2DME4XGKNDNNKOLOMQJKJ74NWLQGH.ppt,184.0,0.18,6,120,20.0,.ppt
578,U4NQEC6F4PRPOIRB2GCFWHJUFDZSRSPL.ppt,3627.0,3.54,18,1620,90.0,.ppt
579,U5GPNZ6ECMZ6KVJ6TCFUSPM2CPD3GX3B.pptx,3310.533203125,3.23,7,19,2.7142857142857144,.pptx
580,UBFZKASD5THSGM4SSWO4B6QARFDMC64K.ppt,1513.0,1.48,12,780,65.0,.ppt
581,UCPU3NMHWZR3EKHMWOD2A7MOWJH72RED.ppt,297.0,0.29,3,135,45.0,.ppt
582,UEI7X64OPL2UECKUFX2NGHELELEPQS5T.ppt,213.2958984375,0.21,7,140,20.0,.ppt
583,UGSD4VFFKJXTTIYOERHOUS2GNLUDHKCH.ppt,1117.0,1.09,9,585,65.0,.ppt
584,UHXGD7E2QR5GHG3JT2WXTDK62X5ZNNI3.ppt,4563.5,4.46,22,1980,90.0,.ppt
585,UJH777XBAORQSTLSJBW2XHBTU4RKPUM5.ppt,3935.0,3.84,19,1710,90.0,.ppt
586,UJHHC4VLP76BW27ZFE5ZUQC4MLQQ2LCY.ppt,114.0,0.11,3,60,20.0,.ppt
587,ULB2MU233CYEIQVGT6QHBZVTD64Y7MT7.ppt,11802.5,11.53,59,5310,90.0,.ppt
588,ULCSUYIKFJAYSY72KKJ3YTSUBQRG6FET.ppt,1014.0,0.99,8,520,65.0,.ppt
589,ULFUUEBZ7CWKGYZKF3D6J4NYJ7GMS4U3.ppt,9768.5,9.54,48,4320,90.0,.ppt
590,URDWJN4AFWGIEMFZTEZRAOOYKQZ5A5DJ.ppt,40625.0,39.67,203,18270,90.0,.ppt
591,URSN5OT7GV3BN5LSHN3FNTHK2K5TQZBD.ppt,449.5,0.44,5,225,45.0,.ppt
592,USRZA46APWYEGNWAXGCBQDNF7FGAEOKH.ppt,488.0,0.48,6,270,45.0,.ppt
593,UTNDHJCEBQ2YCXQ6FQKV7T55KUR6GKEO.ppt,1123.5,1.1,9,585,65.0,.ppt
594,UTP56P6U73MSF44PXT7DM33PUIVIX537.ppt,529.5,0.52,6,270,45.0,.ppt
595,UU5L7UGDEX22RHNIQBPO45ODFWF2XAXU.ppt,27905.5,27.25,139,12510,90.0,.ppt
596,UUCUNYG2D5WALIAUB3L4JT63VRERRE46.ppt,7155.5,6.99,35,3150,90.0,.ppt
597,UVMRYO6AX45DBOP5S7GY6HD3IEIFPYCE.ppt,3432.0,3.35,17,1530,90.0,.ppt
598,UWIMM6V2RVA6ZYHYMPOFU6GBV32PNNKP.ppt,5127.5,5.01,25,2250,90.0,.ppt
599,UXGG2DFANDFTIZTYHITLQOJSZTRMBF5J.ppt,1898.5,1.85,15,975,65.0,.ppt
600,UXUYOXKDPNKUCTEE767M7P5KPE7WSXCC.ppt,479.5,0.47,5,225,45.0,.ppt
601,UZNCGLL6HFZSUDULGQYAK7NZLXKATWVR.ppt,3663.0,3.58,18,1620,90.0,.ppt
602,UZYYNEUL6WK246F4HF4FHTWMFQM2GHUF.ppt,386.5,0.38,4,180,45.0,.ppt
603,V3GIVQBZKJWYREVEQPM4EEHFD4A66UN7.ppt,2258.5,2.21,18,1170,65.0,.ppt
604,V5FZ7RGTZE2EFRHKSAPPIWWB6MU5ZBES.ppt,12874.0,12.57,64,5760,90.0,.ppt
605,V5VZXPRJHDB5KFBHIKBO46KFH4AOQDP7.ppt,649.0,0.63,8,360,45.0,.ppt
606,V6NDMGXUX3IOQXQTBR4QTZH2IISSOOJR.ppt,2728.0,2.66,22,1430,65.0,.ppt
607,VAAKUEKAFLG2QBE2VD4IM47NLNBMMKOH.ppt,1608.0,1.57,13,845,65.0,.ppt
608,VBQ6BXAZYZEVP7H4P6RBBQUOMUK53DZ2.ppt,409.0,0.4,5,225,45.0,.ppt
609,VD773MKFIQ2737JABH34KLFUS7CPBGOC.ppt,83.0224609375,0.08,2,40,20.0,.ppt
610,VDRFEWFXKKIQJ4YESYJA4PYVPY33AOSX.ppt,804.0,0.79,10,450,45.0,.ppt
611,VFTVWF7Q3TUGKYT34JQUBYV7AXL5WLUT.ppt,2088.0,2.04,17,1105,65.0,.ppt
612,VHCCF7YWVF5ECS4D7LFOJWOV54Y6YDPZ.ppt,0.4365234375,0.0,1,20,20.0,.ppt
613,VIDRJW6O3QVGGX6R5ZQD6UWQ4FLR3CS6.ppt,11780.5,11.5,58,5220,90.0,.ppt
614,VINSR62DLS4NFDTJLOXUBR66RTZD7SXD.ppt,872.0,0.85,10,450,45.0,.ppt
615,VJEWZWJV45WGMYTCM6NWKLQOGHZXT6G2.ppt,109.5,0.11,3,60,20.0,.ppt
616,VM62BRM7HEVIS32UIYGJN4STTYVHGZPI.ppt,152.0,0.15,5,100,20.0,.ppt
617,VRJEQMVUVFLXIW2RUB6PQ5MS5Z6Q23LL.ppt,398.0,0.39,4,180,45.0,.ppt
618,VRM7P5HVCLFACA7YAZO7TYBDY3I4FGBE.ppt,144.0,0.14,4,80,20.0,.ppt
619,VS2QAGPBWEQJKNPDW6AJXAHVX4YPWGFZ.ppt,2650.0,2.59,22,1430,65.0,.ppt
620,VU2NK5RSXVP3U2CWI3TIOA7S7LGFBHJ3.ppt,586.0,0.57,7,315,45.0,.ppt
621,VYOANRWZHCASYEX4N5ET3RGGZU2I3B4N.ppt,708.5,0.69,8,360,45.0,.ppt
622,VZA2KSAD5VZMYMOURZTSC334OQFLA2LU.ppt,872.5,0.85,10,450,45.0,.ppt
623,VZUHQGJXCAS5XBSKCJHMGDQ467YUYSLF.ppt,1642.5,1.6,13,845,65.0,.ppt
624,W2KIK3JD4OOFSE3YCDZCS4WTUAPTFUIK.ppt,83.376953125,0.08,2,40,20.0,.ppt
625,W4MU2JZJT2WGZI6GWSFLCZRMIS4VU6LN.ppt,611.5,0.6,7,315,45.0,.ppt
626,W4OSUB7M7RM57KONYWE5Q5RYFNH2IM2K.ppt,1244.0,1.21,10,650,65.0,.ppt
627,W6UNLI33EL2GSRPYTV2X3WE25IEZUS6Q.ppt,182.5,0.18,6,120,20.0,.ppt
628,W7SCM3PEFGQVRNI25FOVCC26VAVV2CSQ.ppt,28878.0,28.2,144,12960,90.0,.ppt
629,WAWYVOZSZZY2MKUCZTOSQ546B73UEAAI.ppt,468.5,0.46,5,225,45.0,.ppt
630,WCQKOX2NA2PIQND6FN4PNANO4QAX63TE.ppt,799.0,0.78,9,405,45.0,.ppt
631,WCUFS7LRDSH2XIWXGG6KYOCBL4J63D5L.ppt,210.5,0.21,7,140,20.0,.ppt
632,WMRXHWMOMLH5S7VMLKG2UN5Z4PZ2DVPG.ppt,61.0,0.06,2,40,20.0,.ppt
633,WMT673Y3PWSXGKQ42DGCPVWADIUPPXWX.ppt,254.0,0.25,8,160,20.0,.ppt
634,WQRPIRMRRFSYQVF433VFAW564SP66XUP.ppt,10602.0,10.35,53,4770,90.0,.ppt
635,WSL4SCSGV6MM6KW6F5ZNZVDNSKIAGRQM.ppt,927.0,0.91,11,495,45.0,.ppt
636,WVUPASSECRU44RMFSWEYLPWGMWW4AOPR.ppt,75.5,0.07,2,40,20.0,.ppt
637,WYKP37FXTO6IO4BPOZ5LB7MH4KQA5LQK.ppt,95.0,0.09,3,60,20.0,.ppt
638,WYU6E6JAVZEXBU6WCDSXH6UYBV5PUPMF.ppt,118.0,0.12,3,60,20.0,.ppt
639,X4NIP7YVZMCO25D56KEHOLCD2V2VRHT7.ppt,998.5,0.98,8,520,65.0,.ppt
640,X7DMK35HQABNPUT5I2KD7C6KDEJ7DHAC.ppt,32962.0,32.19,164,14760,90.0,.ppt
641,XAEZPG2UUZ3VJEQSKFTLJT6YCZGWFU27.ppt,3666.0,3.58,18,1620,90.0,.ppt
642,XAVJ7QI6SWBULHLCTR5W2LN6YSC2BI2R.ppt,10255.0,10.01,51,4590,90.0,.ppt
643,XAZOWQDYUFT7XSUZEVXDEYXY3OQMWDIH.ppt,1009.0,0.99,8,520,65.0,.ppt
644,XHLMLY4TZW7LORKF3VDXB7FSW7QY3FHY.ppt,395.0,0.39,4,180,45.0,.ppt
645,XHSKH4RAGPACPHNCWL466QKB6DAJRRKF.ppt,71042.57421875,69.38,355,31950,90.0,.ppt
646,XI576LXFT6A62FRN67D4VFZQ6WXNZLS3.ppt,245.5,0.24,8,160,20.0,.ppt
647,XIBX275IDMQVRROLZOZ5GAMIKJZHKV4J.ppt,3498.5,3.42,17,1530,90.0,.ppt
648,XJL3PMQKPYXGJ2XE6DCU2XBEB67HQAJP.ppt,197.5,0.19,6,120,20.0,.ppt
649,XJXUGZ467OJNAGFX7G4HSIHXVAYDTWGD.ppt,22633.5,22.1,113,10170,90.0,.ppt
650,XKXYNFJRFQNXRE2UA3XLYEII3IG5Q6WF.ppt,877.5,0.86,10,450,45.0,.ppt
651,XLYJN7QCGRPSMAIWF3UCL6WOCA6BOAJF.ppt,1248.5,1.22,10,650,65.0,.ppt
652,XMRMYANBU4BU4NMMU3KLBXQKXWZKEYD7.ppt,2155.5,2.1,17,1105,65.0,.ppt
653,XN4MQWCOOP453QKC5F6Q22BIEMPJ64ND.ppt,19467.0,19.01,97,8730,90.0,.ppt
654,XNVIR7EDE4AHPLRSLS74U7KPJ3WCYO6T.pps,25126.5,24.54,125,11250,90.0,.pps
655,XPQBN7LI5TFOJPVTS3KXIUAELRGWETCK.ppt,2748.5,2.68,22,1430,65.0,.ppt
656,XQE53UJLFKVQPLEVUKWQ7IQRN5DRVAET.ppt,1094.5,1.07,9,585,65.0,.ppt
657,XQO4X4J3MROM4SXDDZMGDUX66B44IJCM.ppt,579.0,0.57,7,315,45.0,.ppt
658,XSMKF3UTT63YKKKMVIKJCF5U5UKE7MAA.ppt,2646.0,2.58,22,1430,65.0,.ppt
659,XSUSS2GJ27FRRGI56J3ZGP6U42CA6U7U.ppt,1474.0,1.44,12,780,65.0,.ppt
660,XUKCAFSW2NKFTSCGQ72KBYPQDMAQ2I6A.ppt,795.0,0.78,9,405,45.0,.ppt
661,XV5VHLV4TYTDIPNWXLE62OZIO2FZ3EK2.ppt,264.0,0.26,8,160,20.0,.ppt
662,XW2DG3J333VRYRUTGOGG75U645JVPPIG.ppt,62.0,0.06,2,40,20.0,.ppt
663,Y2LTADAVHX5WL5RMXQUY2IWDDCOHER55.ppt,6482.5,6.33,32,2880,90.0,.ppt
664,Y2P4Z5QANJE2JZ2XAB6POKN4TTZN6SIT.ppt,76.5,0.07,2,40,20.0,.ppt
665,Y5WNL3GSUYPQYQJYWKZOJSQNDNPN6H6Q.ppt,55.5,0.05,1,20,20.0,.ppt
666,YAQARSTF4MY2JDJY6KLP3HXNZ3X5F7MK.ppt,1034.5,1.01,8,520,65.0,.ppt
667,YB5XBOGNR7BS63S233MDJCJNNR6ZIVJ5.ppt,787.5,0.77,9,405,45.0,.ppt
668,YDVCWJ3RLQYR6NSGD3AOP34K5FMD7MNF.ppt,1107.5,1.08,9,585,65.0,.ppt
669,YEADIZZGVFFDILX6DGLGC2JY3VZBRJJB.ppt,1871.0,1.83,15,975,65.0,.ppt
670,YEHQ5Q2A3RHOOPWCET5AQJMSJUVEPOIQ.ppt,65.5,0.06,2,40,20.0,.ppt
671,YK2N7NUJ2VRDWQA2IPKO4HH2YAP62W56.ppt,28.0,0.03,1,20,20.0,.ppt
672,YK4DQHCX2B5CZKSI5XI5Z53TOZQOS3E4.ppt,1375.5,1.34,11,715,65.0,.ppt
673,YKTNLU6XPL7TGFATGGCBV6WNACLYB3HX.ppt,1343.5,1.31,11,715,65.0,.ppt
674,YSNUHODEYHVLMVMJBGYUKPNKY26DUL53.ppt,8153.0,7.96,40,3600,90.0,.ppt
675,YUIY4BO7PSOS3T2Z3KYVXD5PUTC66OSW.ppt,13781.5,13.46,68,6120,90.0,.ppt
676,YXSE77NHYE2AJEDANSEEX6C4F5HPOQQF.ppt,2990.0,2.92,24,1560,65.0,.ppt
677,YYKJWO5IRBRA3PQKTQHF4PX4AM5EBSER.ppt,219.0,0.21,7,140,20.0,.ppt
678,Z2CVHGIZ6XDS6PHECAQRGDLTJ4TJ4KTE.ppt,1464.0,1.43,12,780,65.0,.ppt
679,Z2V2VLZDSI5PSGZTKCYV46EI7SUIHNGL.ppt,23493.0,22.94,117,10530,90.0,.ppt
680,Z35OHN6QNXPMY6RF4BL6T2KAUOROXNU4.ppt,0.0,0.0,1,20,20.0,.ppt
681,Z5E5PEG6RPCU3RE2ZSJJLIF45Q33JMKM.ppt,391.5,0.38,4,180,45.0,.ppt
682,Z6MTI2ZWTYIKEMOFKFCST3D47KFC3QXA.ppt,118.5,0.12,3,60,20.0,.ppt
683,ZCHH4NKKCSTV42S4JMBMSENQ53JJ6A4U.ppt,146.5,0.14,4,80,20.0,.ppt
684,ZCHSJL6U4PW4C25HRL2FKBVUWLQEDCLH.ppt,1332.5,1.3,11,715,65.0,.ppt
685,ZE3VQUPP5HT2G7WLP4TYW4PS4VKBWODK.ppt,164.5,0.16,5,100,20.0,.ppt
686,ZEUFEYSADSFD4OVQU4B5YUR3OIXIFP4A.ppt,904.0,0.88,11,495,45.0,.ppt
687,ZHBQ2HPTAOSZ5O66BACME3JD5JKGINXW.ppt,4953.5,4.84,24,2160,90.0,.ppt
688,ZHQWHNJPOHWMLGHLWGBT5JGFLT6P6S4M.ppt,142.5,0.14,4,80,20.0,.ppt
689,ZKRGEK4CSV7CCQIGRNQRQDYH7VBXY3MM.ppt,366.5,0.36,4,180,45.0,.ppt
690,ZKVPHRCDEA7GWJ3LE4W3MZL4EP27L7FN.ppt,4286.5,4.19,21,1890,90.0,.ppt
691,ZLMBJZMGT3G5FXPKBC2DTSQYGRWQS56H.ppt,1157.0,1.13,9,585,65.0,.ppt
692,ZMINGSMYCZJQ2Y42PNFCM4PETNTOB3FT.ppt,5439.0,5.31,27,2430,90.0,.ppt
693,ZP7CNKGDBD2A64D2Y7BB456CGY665UVX.ppt,613.5,0.6,7,315,45.0,.ppt
694,ZQL52XHMYHRPIVMQAAD37M2XF3EGYOKP.ppt,1377.5,1.35,11,715,65.0,.ppt
695,ZRF6BE7FGBO6P7IXPVCKNUWISYQKGMJP.ppt,350.5,0.34,4,180,45.0,.ppt
696,ZTX6EMAXWTLFII2IVAYE7TO2ORY2GAZB.ppt,2409.0,2.35,20,1300,65.0,.ppt
697,ZWRR5ASRZI45L4R7QV7MLKIN3RH2GAHU.ppt,111.0,0.11,3,60,20.0,.ppt
698,ZXF4FVL5F2UJ4RSAXTSZU36IFZJFWRVF.ppt,15950.5,15.58,79,7110,90.0,.ppt
